row_cell_decimal,unicode_scalar
1601,U+4E0F
1602,U+534C
1603,U+673F
1604,U+341C
1605,U+5193
1606,U+5961
1607,U+7539
1608,U+4E33
1609,U+6704
1610,U+4E42
1611,U+340C
1612,U+752A
1613,U+752E
1614,U+820B
1615,U+592C
1616,U+53BE
1617,U+4E31
1618,U+3416
1619,U+8D15
1620,U+3552
1621,U+538E
1622,U+5394
1623,U+5B2E
1624,U+5396
1625,U+53B1
1626,U+5397
1627,U+6ABF
1628,U+64EA
1629,U+61D5
1630,U+539C
1631,U+354E
1632,U+53AC
1633,U+3DF3
1634,U+3EFA
1635,U+78FF
1636,U+9DE2
1637,U+9EF6
1638,U+8652
1639,U+531C
1640,U+352F
1641,U+5325
1642,U+533C
1643,U+533D
1644,U+532B
1645,U+5330
1646,U+532C
1647,U+3538
1648,U+3534
1649,U+5334
1650,U+3536
1651,U+76C0
1652,U+9CEA
1653,U+5368
1654,U+5187
1655,U+518F
1656,U+3B1F
1657,U+4EDA
1658,U+50F0
1659,U+808F
1660,U+4EC8
1661,U+4F0B
1662,U+4F62
1663,U+4FD4
1664,U+3476
1665,U+50B1
1666,U+4EF1
1667,U+4F00
1668,U+4F06
1669,U+5051
1670,U+4F08
1671,U+4F04
1672,U+4F03
1673,U+4F45
1674,U+4FF4
1675,U+4F49
1676,U+4F3E
1677,U+5032
1678,U+4F52
1679,U+4F61
1680,U+3473
1681,U+4F2D
1682,U+3491
1683,U+511C
1684,U+50A0
1685,U+4F56
1686,U+4F4A
1687,U+4FD3
1688,U+4F41
1689,U+4F99
1690,U+4FF9
1691,U+4F87
1692,U+3450
1693,U+4F4C
1694,U+4F8A
1701,U+5105
1702,U+344B
1703,U+4F81
1704,U+4FB9
1705,U+4F78
1706,U+4F90
1707,U+4F9C
1708,U+4F7A
1709,U+4F6E
1710,U+4F79
1711,U+4F9A
1712,U+5069
1713,U+4F6B
1714,U+4F82
1715,U+4F7D
1716,U+4F85
1717,U+4F98
1718,U+346E
1719,U+4F9E
1720,U+3462
1721,U+3459
1722,U+5130
1723,U+50D7
1724,U+4FBC
1725,U+4FC9
1726,U+4FB8
1727,U+4FB2
1728,U+5008
1729,U+50C6
1730,U+345C
1731,U+4FB1
1732,U+4FCB
1733,U+4FD9
1734,U+4FB3
1735,U+4FC7
1736,U+50E9
1737,U+4FBB
1738,U+4FE4
1739,U+4FD5
1740,U+4FCD
1741,U+4FF5
1742,U+5030
1743,U+503B
1744,U+5033
1745,U+5125
1746,U+5037
1747,U+5034
1748,U+5022
1749,U+4FF6
1750,U+5020
1751,U+5004
1752,U+50CB
1753,U+5017
1754,U+501E
1755,U+5005
1756,U+50E4
1757,U+5013
1758,U+5027
1759,U+5007
1760,U+50AA
1761,U+5046
1762,U+5061
1763,U+505E
1764,U+506D
1765,U+5044
1766,U+3498
1767,U+504D
1768,U+506E
1769,U+50D3
1770,U+5072
1771,U+5054
1772,U+5073
1773,U+505B
1774,U+5062
1775,U+504A
1776,U+506B
1777,U+506F
1778,U+512D
1779,U+5059
1780,U+349F
1781,U+509E
1782,U+5053
1783,U+5083
1784,U+508B
1785,U+5089
1786,U+5084
1787,U+5068
1788,U+5122
1789,U+45BA
1790,U+7FDB
1791,U+509D
1792,U+50FE
1793,U+5097
1794,U+5094
1801,U+509B
1802,U+5095
1803,U+50BF
1804,U+50AE
1805,U+50C4
1806,U+50C8
1807,U+3481
1808,U+50AB
1809,U+50B0
1810,U+50C1
1811,U+50BD
1812,U+50B9
1813,U+3480
1814,U+3488
1815,U+50C7
1816,U+347F
1817,U+348E
1818,U+50DB
1819,U+9BC8
1820,U+5129
1821,U+3484
1822,U+50EF
1823,U+50D4
1824,U+50D2
1825,U+50DD
1826,U+50CE
1827,U+50DC
1828,U+50EA
1829,U+511A
1830,U+50F8
1831,U+3494
1832,U+50FD
1833,U+50FF
1834,U+5111
1835,U+349A
1836,U+348A
1837,U+5124
1838,U+5126
1839,U+5120
1840,U+34A0
1841,U+34A1
1842,U+5133
1843,U+5136
1844,U+513E
1845,U+530C
1846,U+5312
1847,U+3528
1848,U+3529
1849,U+5314
1850,U+386E
1851,U+34D8
1852,U+7386
1853,U+88B2
1854,U+88DB
1855,U+4EB6
1856,U+890E
1857,U+56B2
1858,U+4EB9
1859,U+51AE
1860,U+51D4
1861,U+51C1
1862,U+34CE
1863,U+51CA
1864,U+51C5
1865,U+51CE
1866,U+51D5
1867,U+51D8
1868,U+51DA
1869,U+5198
1870,U+519E
1871,U+519F
1872,U+96BA
1873,U+9F0F
1874,U+536C
1875,U+5372
1876,U+9CED
1877,U+35C9
1878,U+3C8B
1879,U+5910
1880,U+6BDA
1881,U+5209
1882,U+5213
1883,U+5278
1884,U+527E
1885,U+5257
1886,U+521C
1887,U+5232
1888,U+34E4
1889,U+34E6
1890,U+34E3
1891,U+34E2
1892,U+5248
1894,U+525A
1901,U+5260
1902,U+3505
1903,U+525F
1904,U+34F3
1905,U+526C
1906,U+34F1
1907,U+526B
1908,U+34F2
1909,U+526D
1910,U+5276
1911,U+34F9
1912,U+34FA
1913,U+350B
1914,U+34FC
1915,U+3506
1916,U+3502
1917,U+34FE
1918,U+528B
1919,U+350A
1920,U+350C
1921,U+350D
1922,U+350F
1923,U+5296
1924,U+3512
1925,U+5298
1926,U+5299
1927,U+3513
1928,U+52A6
1929,U+52AE
1930,U+3517
1931,U+52BB
1932,U+52BC
1933,U+3519
1934,U+52BA
1935,U+351D
1936,U+52CD
1937,U+52E9
1938,U+3520
1939,U+52F4
1940,U+3525
1941,U+3521
1942,U+52E8
1943,U+52ED
1944,U+52EC
1945,U+52EE
1946,U+3523
1947,U+52F7
1948,U+53B9
1949,U+590B
1950,U+8EEC
1951,U+67B2
1952,U+34C4
1953,U+9745
1954,U+9749
1955,U+9746
1956,U+3559
1957,U+72AE
1958,U+355F
1959,U+3562
1960,U+389F
1961,U+3DA3
1962,U+3FFB
1963,U+49F2
1964,U+34DA
1965,U+5732
1966,U+5734
1967,U+58B2
1968,U+3654
1969,U+5878
1970,U+5749
1971,U+5808
1972,U+3628
1973,U+57B7
1974,U+3661
1975,U+57E8
1976,U+5745
1977,U+574B
1978,U+5744
1979,U+5748
1980,U+3635
1981,U+577A
1982,U+5765
1983,U+5771
1984,U+5770
1985,U+576C
1986,U+5780
1987,U+5762
1988,U+58C6
1989,U+3632
1990,U+5772
1991,U+594A
1992,U+58B6
1993,U+58CB
1994,U+5798
2001,U+58B7
2002,U+578D
2003,U+5797
2004,U+579D
2005,U+5791
2006,U+57E9
2007,U+5790
2008,U+579F
2009,U+579E
2010,U+581A
2011,U+58D4
2012,U+57BE
2013,U+57CD
2014,U+57BC
2015,U+57BA
2016,U+57C6
2017,U+57BF
2018,U+57BD
2019,U+3640
2020,U+57CC
2021,U+57D0
2022,U+5832
2023,U+57F2
2024,U+580E
2025,U+57F6
2026,U+57FC
2027,U+57E7
2028,U+5801
2029,U+580C
2030,U+57F5
2031,U+5804
2032,U+57F0
2033,U+57FB
2034,U+5809
2035,U+57E2
2036,U+58A0
2037,U+57EE
2038,U+57EA
2039,U+364D
2040,U+583E
2041,U+583C
2042,U+5886
2043,U+5843
2044,U+3658
2045,U+5828
2046,U+3650
2047,U+5845
2048,U+582D
2049,U+5860
2050,U+582B
2051,U+58EA
2052,U+587F
2053,U+5829
2054,U+5848
2055,U+5833
2056,U+5825
2057,U+5868
2058,U+58CF
2059,U+583D
2060,U+586E
2061,U+5855
2062,U+5873
2063,U+5859
2064,U+588E
2065,U+5849
2066,U+365A
2067,U+3659
2068,U+584E
2069,U+365F
2070,U+5853
2071,U+5888
2072,U+5890
2073,U+5898
2074,U+5884
2075,U+5874
2076,U+3666
2077,U+588C
2078,U+5887
2079,U+6705
2080,U+366A
2081,U+58A3
2082,U+4D7A
2083,U+58DD
2084,U+58BA
2085,U+58A6
2086,U+58A5
2087,U+58A1
2088,U+3671
2089,U+58BD
2090,U+58C2
2091,U+58D6
2092,U+3677
2093,U+3682
2094,U+6BD0
2101,U+58F4
2102,U+58FC
2103,U+56AD
2104,U+5F06
2105,U+22341
2106,U+5F07
2107,U+593D
2108,U+5940
2109,U+5946
2110,U+3692
2111,U+593F
2112,U+3697
2113,U+5943
2114,U+5945
2115,U+4CAA
2116,U+3694
2117,U+596F
2118,U+369B
2119,U+5953
2120,U+369C
2121,U+595E
2122,U+595F
2123,U+595D
2124,U+5964
2125,U+7D94
2126,U+36A0
2127,U+5966
2128,U+596D
2129,U+596B
2130,U+5970
2131,U+5C2A
2132,U+377D
2133,U+377E
2134,U+5C2F
2135,U+8C57
2136,U+3782
2137,U+3784
2138,U+3787
2139,U+3789
2140,U+3788
2141,U+378A
2142,U+520C
2143,U+5C03
2144,U+8CA3
2145,U+38A5
2146,U+38A6
2147,U+5667
2148,U+3568
2149,U+5402
2150,U+5414
2151,U+55A1
2152,U+5425
2153,U+5430
2154,U+5513
2155,U+8099
2156,U+54EF
2157,U+543D
2158,U+356D
2159,U+542A
2160,U+35F0
2161,U+356E
2162,U+5441
2163,U+543A
2164,U+5445
2165,U+5645
2166,U+356A
2167,U+5437
2168,U+547F
2169,U+5481
2170,U+3609
2171,U+5498
2172,U+5491
2173,U+546B
2174,U+56A7
2175,U+35FC
2176,U+547E
2177,U+547A
2178,U+5489
2179,U+5465
2180,U+546C
2181,U+5479
2182,U+5474
2183,U+35D9
2184,U+569B
2185,U+545E
2186,U+5488
2187,U+548D
2188,U+5463
2189,U+35E2
2190,U+54A1
2191,U+54A0
2192,U+54BA
2193,U+5688
2194,U+54CA
2201,U+550A
2202,U+54A5
2203,U+35FB
2204,U+5470
2205,U+54A2
2206,U+3586
2207,U+54C3
2208,U+54AE
2209,U+54B6
2210,U+563A
2211,U+550C
2212,U+54C5
2213,U+54B9
2214,U+5597
2215,U+54E2
2216,U+3594
2217,U+5517
2218,U+55CA
2219,U+54F1
2220,U+54E4
2221,U+553B
2222,U+358F
2223,U+54EB
2224,U+5508
2225,U+54F5
2226,U+550E
2227,U+565E
2228,U+5502
2229,U+54F7
2230,U+54F8
2231,U+54F9
2232,U+5503
2233,U+3595
2234,U+5534
2235,U+5526
2236,U+54F0
2237,U+54F4
2238,U+551A
2239,U+5568
2240,U+5548
2241,U+35A9
2242,U+5536
2243,U+35AA
2244,U+35F2
2245,U+5540
2246,U+5535
2247,U+5545
2248,U+35B5
2249,U+5613
2250,U+553A
2251,U+5570
2252,U+35A5
2253,U+5529
2254,U+5532
2255,U+55FF
2256,U+35A7
2257,U+554D
2258,U+35A1
2259,U+35FF
2260,U+563D
2261,U+554C
2262,U+5558
2263,U+35A8
2264,U+5607
2265,U+55CF
2266,U+5593
2267,U+55B4
2268,U+35CF
2269,U+35B8
2270,U+55E2
2271,U+35CA
2272,U+35C4
2273,U+55D7
2274,U+35C0
2275,U+35D1
2276,U+55A0
2277,U+55A4
2278,U+35D3
2279,U+557D
2280,U+559B
2281,U+35D2
2282,U+55A8
2283,U+56AB
2284,U+55AD
2285,U+55DE
2286,U+35BB
2287,U+3610
2288,U+35D5
2289,U+35D8
2290,U+55D5
2291,U+35D4
2292,U+5682
2293,U+55C3
2294,U+55D9
2301,U+55CB
2302,U+5612
2303,U+5615
2304,U+35E6
2305,U+35E8
2306,U+5621
2307,U+5602
2308,U+55FA
2309,U+561A
2310,U+361B
2311,U+5626
2312,U+35ED
2313,U+55FB
2314,U+35E7
2315,U+5610
2316,U+35FA
2317,U+563E
2318,U+5646
2319,U+3600
2320,U+35F1
2321,U+5648
2322,U+564B
2323,U+5647
2324,U+3613
2325,U+5642
2326,U+5640
2327,U+564A
2328,U+35FE
2329,U+5684
2330,U+3604
2331,U+5673
2332,U+5683
2333,U+5663
2334,U+566D
2335,U+5677
2336,U+56A9
2337,U+3606
2338,U+3608
2339,U+5698
2340,U+360A
2341,U+5697
2342,U+569A
2343,U+569C
2344,U+3616
2345,U+56CB
2346,U+56BE
2347,U+56B5
2348,U+3617
2349,U+56E9
2350,U+56EE
2351,U+56E5
2352,U+56F7
2353,U+571B
2354,U+5702
2355,U+5701
2356,U+570C
2357,U+5710
2358,U+5714
2359,U+571E
2360,U+5719
2361,U+3624
2362,U+3625
2363,U+3837
2364,U+3835
2365,U+3834
2366,U+3838
2367,U+5E60
2368,U+383A
2369,U+5E0A
2370,U+5E13
2371,U+5E34
2372,U+5E17
2373,U+383D
2374,U+383E
2375,U+5E1E
2376,U+3842
2377,U+383F
2378,U+5E22
2379,U+3845
2380,U+5E1F
2381,U+5E21
2382,U+5E23
2383,U+5E24
2384,U+3847
2385,U+5E2A
2386,U+5E29
2387,U+5E28
2388,U+5E3E
2389,U+5E3A
2390,U+384B
2391,U+5E39
2392,U+5E5D
2393,U+5E35
2394,U+3849
2401,U+5E53
2402,U+5E69
2403,U+385B
2404,U+5E46
2405,U+3851
2406,U+3856
2407,U+3852
2408,U+385E
2409,U+3850
2410,U+3854
2411,U+385A
2412,U+3859
2413,U+3857
2414,U+385D
2415,U+3858
2416,U+5E4F
2417,U+5E4E
2418,U+385F
2419,U+5E56
2420,U+5E52
2421,U+385C
2422,U+3861
2423,U+5E6A
2424,U+5E68
2425,U+5E66
2426,U+5E6D
2427,U+5E70
2428,U+3867
2429,U+386A
2430,U+9096
2431,U+5C74
2432,U+5C78
2433,U+5C7C
2434,U+5DAC
2435,U+5C8F
2436,U+3823
2437,U+37B1
2438,U+37B0
2439,U+5C95
2440,U+5D77
2441,U+5D78
2442,U+5C8E
2443,U+5D68
2444,U+5C8A
2445,U+37DE
2446,U+5DC1
2447,U+5CAF
2448,U+5DC3
2449,U+5D20
2450,U+37BD
2451,U+3820
2452,U+5DAA
2453,U+5CA8
2454,U+37BB
2455,U+5C9F
2456,U+5C9E
2457,U+5CBB
2458,U+5CC2
2459,U+5DA8
2460,U+5CAA
2461,U+5CA7
2462,U+381A
2463,U+37C2
2464,U+5CB0
2465,U+37D0
2466,U+5CD8
2467,U+5CDB
2468,U+5CD3
2469,U+5DA2
2470,U+5CCC
2471,U+5CEB
2472,U+5D31
2473,U+37C5
2474,U+5CD7
2475,U+5CC9
2476,U+5CE7
2477,U+5D7C
2478,U+5CD0
2479,U+5CCE
2480,U+37D6
2481,U+5D01
2482,U+5CFF
2483,U+37CC
2484,U+37C8
2485,U+5CFC
2486,U+5CF3
2487,U+5DAE
2488,U+37C7
2489,U+37CE
2490,U+37CF
2491,U+8A14
2492,U+37CB
2493,U+5CFE
2494,U+37C9
2501,U+5D00
2502,U+5CEE
2503,U+5D1D
2504,U+5D1A
2505,U+37D9
2506,U+5D28
2507,U+5D7F
2508,U+5D13
2509,U+5D1C
2510,U+5D23
2511,U+5D25
2512,U+5D1F
2513,U+5D2A
2514,U+3806
2515,U+37E4
2516,U+5D0C
2517,U+5D2B
2518,U+5D36
2519,U+5D41
2520,U+5D7D
2521,U+37F7
2522,U+5D56
2523,U+5D3C
2524,U+5D4E
2525,U+5D51
2526,U+37EA
2527,U+5D3F
2528,U+5D94
2529,U+37EC
2530,U+5D42
2531,U+5D4F
2532,U+5D88
2533,U+5D43
2534,U+5D39
2535,U+5D3A
2536,U+3821
2537,U+5D37
2538,U+3802
2539,U+37FC
2540,U+37FF
2541,U+37F2
2542,U+5D72
2543,U+37F8
2544,U+5D63
2545,U+5D70
2546,U+5D71
2547,U+37F9
2548,U+5DC6
2549,U+5D86
2550,U+37FD
2551,U+5D8A
2552,U+5D89
2553,U+5DCA
2554,U+5D9E
2555,U+5D8D
2556,U+5D7A
2557,U+5DB1
2558,U+5DA1
2559,U+5D9B
2560,U+5D9C
2561,U+380E
2562,U+5D95
2563,U+3805
2564,U+5D93
2565,U+3807
2566,U+5D9F
2567,U+5D92
2568,U+5D79
2569,U+381B
2570,U+3813
2571,U+5DD8
2572,U+3812
2573,U+3811
2574,U+5DAD
2575,U+5DA6
2576,U+5DB0
2577,U+3814
2578,U+5DBB
2579,U+5DBE
2580,U+5DC2
2581,U+3822
2582,U+5DD1
2583,U+5DCF
2584,U+5DC7
2585,U+5DC9
2586,U+3825
2587,U+3827
2588,U+5F74
2589,U+5F78
2590,U+884E
2591,U+38DA
2592,U+884F
2593,U+5F8E
2594,U+4615
2601,U+38F1
2602,U+5F9B
2603,U+8852
2604,U+5FA5
2605,U+5FAF
2606,U+38EF
2607,U+5FB6
2608,U+38F0
2609,U+5FB2
2610,U+8860
2611,U+38F6
2612,U+9C34
2613,U+38D1
2614,U+38D2
2615,U+8668
2616,U+5917
2617,U+368A
2618,U+368B
2619,U+368D
2620,U+5906
2621,U+590C
2622,U+3687
2623,U+590E
2624,U+5912
2625,U+65A8
2626,U+7241
2627,U+3E1B
2628,U+7242
2629,U+3E1C
2630,U+5E8C
2631,U+3894
2632,U+5E88
2633,U+387A
2634,U+5E98
2635,U+3876
2636,U+3878
2637,U+3875
2638,U+5E9D
2639,U+5EA4
2640,U+3880
2641,U+5E9B
2642,U+387C
2643,U+3882
2644,U+5EE5
2645,U+5EA3
2646,U+5EA1
2647,U+5EB0
2648,U+3885
2649,U+5EA8
2650,U+5EAF
2651,U+5EAE
2652,U+5EB2
2653,U+5EAA
2654,U+5EA9
2655,U+389B
2656,U+3883
2657,U+5EB1
2658,U+5EB4
2659,U+388D
2660,U+388A
2661,U+5ECE
2662,U+4A3E
2663,U+389A
2664,U+3889
2665,U+388B
2666,U+5ED7
2667,U+5EDE
2668,U+388E
2669,U+5ECB
2670,U+5EC6
2671,U+388F
2672,U+5EC5
2673,U+3977
2674,U+5EC7
2675,U+5ECC
2676,U+3892
2677,U+5ED9
2678,U+5ED8
2679,U+5EDC
2680,U+3896
2681,U+389D
2682,U+5EE6
2683,U+9588
2684,U+498D
2685,U+49B3
2686,U+9595
2687,U+498F
2688,U+49B1
2689,U+959C
2690,U+959B
2691,U+4994
2692,U+49B5
2693,U+959F
2694,U+95E3
2701,U+95D3
2702,U+95A6
2703,U+8ABE
2704,U+95CD
2705,U+49A0
2706,U+49A9
2707,U+49A1
2708,U+49AC
2709,U+95C0
2710,U+95C9
2711,U+95C4
2712,U+49AA
2713,U+95E0
2714,U+49AF
2715,U+95D2
2716,U+95D1
2717,U+95DB
2718,U+4C18
2719,U+95DF
2720,U+95E4
2721,U+49B2
2722,U+3749
2723,U+5BF7
2724,U+5BEA
2725,U+5B94
2726,U+375E
2727,U+5BAC
2728,U+376A
2729,U+5BA7
2730,U+3757
2731,U+5BAD
2732,U+5BC1
2733,U+3763
2734,U+5BF4
2735,U+5BCE
2736,U+3766
2737,U+3765
2738,U+376C
2739,U+3769
2740,U+5BE3
2741,U+376E
2742,U+38C7
2743,U+38C8
2744,U+6758
2745,U+5C53
2746,U+379E
2747,U+378F
2748,U+378E
2749,U+9CF2
2750,U+5C44
2751,U+5C4C
2752,U+3792
2753,U+3793
2754,U+5C52
2755,U+3797
2756,U+5C56
2757,U+3798
2758,U+5C5D
2759,U+379A
2760,U+5C69
2761,U+379C
2762,U+37A0
2763,U+379F
2764,U+4AB1
2765,U+5DF8
2766,U+38A8
2767,U+5F19
2768,U+5F4D
2769,U+5F1C
2770,U+5F44
2771,U+5F1E
2772,U+5F23
2773,U+5F24
2774,U+38AF
2775,U+5F22
2776,U+5F28
2777,U+38B0
2778,U+5F43
2779,U+5F2E
2780,U+5F30
2781,U+5F32
2782,U+38BB
2783,U+5F38
2784,U+5F36
2785,U+38C1
2786,U+38C2
2787,U+38C4
2788,U+38C5
2789,U+5F4F
2790,U+5975
2791,U+5B29
2792,U+597C
2793,U+597A
2794,U+5B1F
2801,U+5A78
2802,U+598C
2803,U+59A7
2804,U+5A81
2805,U+5998
2806,U+5AE5
2807,U+59D6
2808,U+5A5C
2809,U+59A0
2810,U+598E
2811,U+59A2
2812,U+5990
2813,U+59C2
2814,U+5994
2815,U+599C
2816,U+5991
2817,U+59BA
2818,U+59C3
2819,U+59CF
2820,U+5AC8
2821,U+59AD
2822,U+5A3B
2823,U+36B2
2824,U+59CE
2825,U+59CC
2826,U+59C8
2827,U+59C1
2828,U+59B4
2829,U+5AB0
2830,U+59B5
2831,U+59B6
2832,U+59C5
2833,U+5B23
2834,U+59BC
2835,U+5A19
2836,U+36C3
2837,U+5A00
2838,U+59DE
2839,U+59EE
2840,U+439F
2841,U+59F1
2842,U+5A0D
2843,U+59D5
2844,U+5A9C
2845,U+59DB
2846,U+59E9
2847,U+59FA
2848,U+5A17
2849,U+59E1
2850,U+5A2B
2851,U+5B05
2852,U+59E4
2853,U+5B12
2854,U+59F6
2855,U+59FD
2856,U+59F0
2857,U+59FC
2858,U+5B3C
2859,U+5B4D
2860,U+5A14
2861,U+36D8
2862,U+5A15
2863,U+5A2A
2864,U+36D2
2865,U+5B4B
2866,U+5A1D
2867,U+5A61
2868,U+5A0E
2869,U+5A16
2870,U+5B10
2871,U+36D7
2872,U+5A10
2873,U+4DAF
2874,U+5A27
2875,U+36DA
2876,U+5A2D
2877,U+5AE7
2878,U+5AE2
2879,U+5A5E
2880,U+5A38
2881,U+5A35
2882,U+5A7C
2883,U+5A8C
2884,U+5A96
2885,U+5AFF
2886,U+5B3B
2887,U+5A3E
2888,U+5A4D
2889,U+36EA
2890,U+371E
2891,U+5A6B
2892,U+5A5F
2893,U+5A69
2894,U+5A37
2901,U+5A51
2902,U+5A57
2903,U+5A4E
2904,U+5A64
2905,U+5A4F
2906,U+5A44
2907,U+5A58
2908,U+5A60
2909,U+5A3D
2910,U+3717
2911,U+5A3A
2912,U+36E5
2913,U+5A85
2914,U+5A7B
2915,U+5AA0
2916,U+5A94
2917,U+5A9E
2918,U+5AA2
2919,U+5A80
2920,U+5AA6
2921,U+5B07
2922,U+36FC
2923,U+36F9
2924,U+5A93
2925,U+5B03
2926,U+5A95
2927,U+5A82
2928,U+5AC5
2929,U+3722
2930,U+5A8A
2931,U+5AA8
2932,U+5AA3
2933,U+5A89
2934,U+5A83
2935,U+3707
2936,U+5A90
2937,U+372E
2938,U+5ACE
2939,U+3705
2940,U+5AC7
2941,U+5AE4
2942,U+5AE8
2943,U+5ADB
2944,U+5AD5
2945,U+3718
2946,U+5AED
2947,U+5ADA
2948,U+371D
2949,U+5ADE
2950,U+5AD9
2951,U+5AEA
2952,U+3724
2953,U+3727
2954,U+5AFD
2955,U+5AFC
2956,U+5AF6
2957,U+5B06
2958,U+5B0E
2959,U+3723
2960,U+5AF8
2961,U+5B4E
2962,U+5B33
2963,U+5B1B
2964,U+5B1A
2965,U+5B1C
2966,U+5B2C
2967,U+5B25
2968,U+5B3F
2969,U+373A
2970,U+5B39
2971,U+3732
2972,U+5B42
2973,U+5B45
2974,U+3739
2975,U+5B48
2976,U+5B4A
2977,U+3779
2978,U+5B56
2979,U+373F
2980,U+3742
2981,U+99AF
2982,U+99B5
2983,U+99B2
2984,U+99BA
2985,U+99B6
2986,U+99CF
2987,U+99B9
2988,U+4B77
2989,U+99B8
2990,U+99C2
2991,U+4B79
2992,U+99BE
2993,U+99C3
2994,U+99D3
3001,U+4BBE
3002,U+4B82
3003,U+99CD
3004,U+4B85
3005,U+9A5C
3006,U+99DA
3007,U+99C9
3008,U+99D7
3009,U+99D6
3010,U+4B84
3011,U+4BB8
3012,U+99DC
3013,U+99CA
3014,U+9A4B
3015,U+4B8B
3016,U+9A3A
3017,U+99E4
3018,U+99F0
3019,U+4BB9
3020,U+99E3
3021,U+99E8
3022,U+4B9D
3023,U+9A6B
3024,U+4BAE
3025,U+99F4
3026,U+99F7
3027,U+99F9
3028,U+9A0B
3029,U+99FB
3030,U+99FD
3031,U+9A27
3032,U+9A00
3033,U+99FC
3034,U+4B91
3035,U+9A02
3036,U+99FE
3037,U+99FA
3038,U+99F8
3039,U+4B9A
3040,U+4B99
3041,U+9A11
3042,U+9A09
3043,U+4B97
3044,U+9A07
3045,U+4BAD
3046,U+9A0A
3047,U+9A52
3048,U+9A4C
3049,U+4B95
3050,U+9A1E
3051,U+4B9C
3052,U+9A32
3053,U+4BA0
3054,U+9A20
3055,U+4BA2
3056,U+4BA1
3057,U+9A2A
3058,U+9A1C
3059,U+9A29
3060,U+9A1F
3061,U+9A17
3062,U+9A22
3063,U+9A24
3064,U+4BC0
3065,U+4BAC
3066,U+9A35
3067,U+4BB1
3068,U+9A2C
3069,U+9A31
3070,U+4BA4
3071,U+4BA3
3072,U+9A49
3073,U+9A3D
3074,U+9A54
3075,U+9A50
3076,U+9A4E
3077,U+4BB4
3078,U+9A48
3079,U+9A56
3080,U+4BB7
3081,U+9A59
3082,U+9A66
3083,U+4E63
3084,U+738D
3085,U+738A
3086,U+738F
3087,U+7395
3088,U+7397
3089,U+7392
3090,U+74B5
3091,U+7398
3092,U+7452
3093,U+73A4
3094,U+7491
3101,U+3EB4
3102,U+73A1
3103,U+73A0
3104,U+747D
3105,U+7472
3106,U+73A5
3107,U+73A6
3108,U+73B6
3109,U+73C7
3110,U+73C5
3111,U+73BD
3112,U+9CFF
3113,U+73B8
3114,U+73B9
3115,U+73CC
3116,U+3EB9
3117,U+73C6
3118,U+73EC
3119,U+73DB
3120,U+73F9
3121,U+73BC
3122,U+73D6
3123,U+74AB
3124,U+73FD
3125,U+73E6
3126,U+74AF
3127,U+73E8
3128,U+73DF
3129,U+73E3
3130,U+7424
3131,U+74BE
3132,U+73D3
3133,U+73EB
3134,U+73D2
3135,U+7495
3136,U+73E2
3137,U+73D5
3138,U+73DD
3139,U+74B9
3140,U+74A1
3141,U+73F8
3142,U+73F5
3143,U+73FF
3144,U+7407
3145,U+3ECC
3146,U+7408
3147,U+7400
3148,U+73F6
3149,U+73FA
3150,U+742B
3151,U+7419
3152,U+74C4
3153,U+7432
3154,U+7421
3155,U+3F08
3156,U+3ED2
3157,U+741F
3158,U+742F
3159,U+749B
3160,U+742D
3161,U+7443
3162,U+3EDD
3163,U+744A
3164,U+7446
3165,U+745D
3166,U+7440
3167,U+7473
3168,U+7444
3169,U+7442
3170,U+7475
3171,U+7448
3172,U+7451
3173,U+7488
3174,U+748A
3175,U+7468
3176,U+3F06
3177,U+7471
3178,U+746E
3179,U+3EEA
3180,U+746B
3181,U+74B8
3182,U+7462
3183,U+7482
3184,U+3EEC
3185,U+747A
3186,U+7486
3187,U+74A5
3188,U+7499
3189,U+749F
3190,U+74A0
3191,U+74D3
3192,U+7498
3193,U+74B2
3194,U+748F
3201,U+74C1
3202,U+74DB
3203,U+74AA
3204,U+74AC
3205,U+74C0
3206,U+74B7
3207,U+74D8
3208,U+7497
3209,U+74D5
3210,U+746C
3211,U+747F
3212,U+3EFE
3213,U+9126
3214,U+7512
3215,U+4A8F
3216,U+97D4
3217,U+97CE
3218,U+97CD
3219,U+4A93
3220,U+4A92
3221,U+4A91
3222,U+4A90
3223,U+97E0
3224,U+97D0
3225,U+97CF
3226,U+97D7
3227,U+4A95
3228,U+97D8
3229,U+4A97
3230,U+97DD
3231,U+97DB
3232,U+4A9A
3233,U+97E2
3234,U+4A9B
3235,U+97E3
3236,U+673E
3237,U+6732
3238,U+6733
3239,U+6739
3240,U+6737
3241,U+6738
3242,U+6745
3243,U+6747
3244,U+6755
3245,U+6759
3246,U+6744
3247,U+6754
3248,U+6ACE
3249,U+6767
3250,U+6757
3251,U+675D
3252,U+6752
3253,U+6785
3254,U+678E
3255,U+676C
3256,U+679F
3257,U+69EB
3258,U+676E
3259,U+6776
3260,U+6791
3261,U+676B
3262,U+68E1
3263,U+6779
3264,U+68C6
3265,U+678C
3266,U+6782
3267,U+6783
3268,U+3BA7
3269,U+678A
3270,U+6793
3271,U+677B
3272,U+67BA
3273,U+67BF
3274,U+67BB
3275,U+67F8
3276,U+67E8
3277,U+67ED
3278,U+67CD
3279,U+67F7
3280,U+67F6
3281,U+67E3
3282,U+67C7
3283,U+67C2
3284,U+67CE
3285,U+3B54
3286,U+67CA
3287,U+6A22
3288,U+3BB2
3289,U+67B9
3290,U+6AB7
3291,U+67C8
3292,U+67F2
3293,U+67C5
3294,U+67EE
3301,U+67D6
3302,U+67C0
3303,U+6AA1
3304,U+6871
3305,U+67EA
3306,U+683B
3307,U+6831
3308,U+681C
3309,U+682F
3310,U+682D
3311,U+682B
3312,U+684D
3313,U+6835
3314,U+689C
3315,U+684B
3316,U+6A9B
3317,U+68A0
3318,U+3B5A
3319,U+683F
3320,U+68B4
3321,U+6856
3322,U+3B61
3323,U+3B5B
3324,U+699D
3325,U+683A
3326,U+6812
3327,U+6819
3328,U+6818
3329,U+682C
3330,U+3BC6
3331,U+6AC5
3332,U+681F
3333,U+681A
3334,U+694E
3335,U+6A33
3336,U+681B
3337,U+6AAE
3338,U+6887
3339,U+68BD
3340,U+3B6F
3341,U+6AD9
3342,U+68FB
3343,U+6872
3344,U+6880
3345,U+68AA
3346,U+6B10
3347,U+686D
3348,U+68F6
3349,U+6890
3350,U+6882
3351,U+686F
3352,U+69AF
3353,U+68A9
3354,U+68AC
3355,U+68B1
3356,U+688B
3357,U+6947
3358,U+3B6D
3359,U+68A3
3360,U+688E
3361,U+688C
3362,U+6878
3363,U+95B7
3364,U+3B69
3365,U+6875
3366,U+6888
3367,U+68C1
3368,U+68A1
3369,U+68AB
3370,U+6956
3371,U+68B6
3372,U+68AE
3373,U+689E
3374,U+69FB
3375,U+68F7
3376,U+695B
3377,U+6949
3378,U+68FD
3379,U+68EB
3380,U+3B7A
3381,U+6913
3382,U+68D1
3383,U+6907
3384,U+3B82
3385,U+3B7F
3386,U+6970
3387,U+6911
3388,U+6ACD
3389,U+68EF
3390,U+6906
3391,U+68D4
3392,U+6908
3393,U+3B7D
3394,U+690A
3401,U+6AE0
3402,U+68D3
3403,U+6904
3404,U+68DC
3405,U+68EC
3406,U+692A
3407,U+6A3F
3408,U+68EA
3409,U+3C02
3410,U+690C
3411,U+68D9
3412,U+68E8
3413,U+6A5A
3414,U+69EE
3415,U+68F3
3416,U+6914
3417,U+6A32
3418,U+6A68
3419,U+696A
3420,U+69C6
3421,U+6945
3422,U+6955
3423,U+6972
3424,U+3B95
3425,U+3B90
3426,U+6985
3427,U+696C
3428,U+6933
3429,U+55BF
3430,U+692F
3431,U+3C04
3432,U+69BE
3433,U+3B91
3434,U+6931
3435,U+6969
3436,U+6940
3437,U+3BA2
3438,U+696F
3439,U+3B9D
3440,U+695F
3441,U+3B9E
3442,U+6974
3443,U+6938
3444,U+6962
3445,U+6944
3446,U+6935
3447,U+6959
3448,U+6958
3449,U+4BC2
3450,U+69B8
3451,U+69AC
3452,U+69B0
3453,U+3BAA
3454,U+69BC
3455,U+6B07
3456,U+6A20
3457,U+6A8B
3458,U+6AE3
3459,U+6997
3460,U+69D9
3461,U+3BA6
3462,U+69C5
3463,U+6A9F
3464,U+6B13
3465,U+69A5
3466,U+3BA8
3467,U+3BAF
3468,U+69DC
3469,U+3BB0
3470,U+69B9
3471,U+69C3
3472,U+69A3
3473,U+69C4
3474,U+69BD
3475,U+6A06
3476,U+69B6
3477,U+698F
3478,U+69CF
3479,U+3BAB
3480,U+3BBE
3481,U+69A0
3482,U+6990
3483,U+3BA5
3484,U+6A0B
3485,U+69E5
3486,U+3BCA
3487,U+69F7
3488,U+6A57
3489,U+6AF9
3490,U+6A15
3491,U+69F1
3492,U+69EC
3493,U+6A09
3494,U+6A0F
3501,U+69F5
3502,U+69EF
3503,U+6A2C
3504,U+6A1C
3505,U+3BC5
3506,U+69E6
3507,U+6A00
3508,U+3BC0
3509,U+6AE9
3510,U+6A0E
3511,U+6AFD
3512,U+69E2
3513,U+6A1B
3514,U+6AB0
3515,U+3BD8
3516,U+3BD5
3517,U+6AA7
3518,U+6A5D
3519,U+6A51
3520,U+6A6C
3521,U+3BD4
3522,U+3BE1
3523,U+6A6A
3524,U+6A54
3525,U+6A66
3526,U+3BD9
3527,U+6A4F
3528,U+6AA8
3529,U+6A49
3530,U+6A96
3531,U+6A67
3532,U+71CA
3533,U+6B18
3534,U+3BE9
3535,U+6AB4
3536,U+6A8A
3537,U+6A7F
3538,U+3BF1
3539,U+3BEB
3540,U+3BDD
3541,U+6A7E
3542,U+6A88
3543,U+6AC6
3544,U+6A9E
3545,U+6A8D
3546,U+6AD7
3547,U+3BFE
3548,U+3BFB
3549,U+6ABD
3550,U+6AE1
3551,U+3BF7
3552,U+6AED
3553,U+6AB5
3554,U+6ADC
3555,U+3C01
3556,U+6ACB
3557,U+3C03
3558,U+3BFF
3559,U+6B02
3560,U+6AF0
3561,U+6AFC
3562,U+6B03
3563,U+6B00
3564,U+6B0B
3565,U+3C18
3566,U+6B14
3567,U+6B1A
3568,U+6B1C
3569,U+3C8D
3570,U+9CF7
3571,U+980D
3572,U+6532
3573,U+3A7E
3574,U+730B
3575,U+3E9E
3576,U+72B3
3577,U+72BB
3578,U+3EA1
3579,U+72BD
3580,U+72C5
3581,U+734A
3582,U+3E5D
3583,U+72BF
3584,U+72BA
3585,U+3E94
3586,U+3E5F
3587,U+72CB
3588,U+3E7D
3589,U+72C9
3590,U+72D8
3591,U+72DA
3592,U+3E67
3593,U+72CC
3594,U+72DB
3601,U+3E6A
3602,U+736E
3603,U+72D6
3604,U+3E62
3605,U+72D3
3606,U+72E4
3607,U+72EB
3608,U+3E6C
3609,U+3E6B
3610,U+3E6D
3611,U+72EA
3612,U+3E76
3613,U+72E7
3614,U+7362
3615,U+72FF
3616,U+3E9C
3617,U+3E9B
3618,U+7381
3619,U+3E73
3620,U+730D
3621,U+7327
3622,U+5CF1
3623,U+7351
3624,U+3E7F
3625,U+7307
3626,U+7311
3627,U+7318
3628,U+3E7B
3629,U+731A
3630,U+7308
3631,U+3E7E
3632,U+3E7C
3633,U+7304
3634,U+3E97
3635,U+7314
3636,U+3E91
3637,U+3E7A
3638,U+7330
3639,U+7356
3640,U+3E82
3641,U+7332
3642,U+7340
3643,U+3E84
3644,U+7335
3645,U+7324
3646,U+732D
3647,U+3E81
3648,U+7353
3649,U+734F
3650,U+733C
3651,U+7342
3652,U+733A
3653,U+3E8A
3654,U+7371
3655,U+3E88
3656,U+735A
3657,U+3E87
3658,U+734C
3659,U+7355
3660,U+3E8E
3661,U+3E96
3662,U+3E92
3663,U+3E90
3664,U+7366
3665,U+7361
3666,U+3E98
3667,U+3E95
3668,U+735C
3669,U+735D
3670,U+7374
3671,U+7365
3672,U+7373
3673,U+3E9F
3674,U+7376
3675,U+3EA0
3676,U+3EA2
3677,U+3EA6
3678,U+3EA3
3679,U+3EA4
3680,U+3EA5
3681,U+737D
3682,U+3EA7
3683,U+7383
3684,U+3C79
3685,U+3C5C
3686,U+6B88
3687,U+8082
3688,U+6B91
3689,U+6B90
3690,U+3C63
3691,U+3C74
3692,U+3C65
3693,U+3C64
3694,U+6BB0
3701,U+3C66
3702,U+6B97
3703,U+6B99
3704,U+6B95
3705,U+3C67
3706,U+6B94
3707,U+3C75
3708,U+6B9C
3709,U+6BA2
3710,U+6B9F
3711,U+3C6C
3712,U+3C71
3713,U+6B9D
3714,U+3C72
3715,U+6BA3
3716,U+6BA5
3717,U+3C76
3718,U+6BA7
3719,U+3C78
3720,U+3C7B
3721,U+4842
3722,U+4843
3723,U+8ED1
3724,U+8ECF
3725,U+8F59
3726,U+8ED0
3727,U+8F30
3728,U+8ED6
3729,U+8F63
3730,U+8ED8
3731,U+8EDC
3732,U+484A
3733,U+8EDD
3734,U+4867
3735,U+4849
3736,U+8F1A
3737,U+8EF7
3738,U+8EEF
3739,U+8EF5
3740,U+8EF1
3741,U+8EE8
3742,U+8EE7
3743,U+8EE5
3744,U+8EF3
3745,U+4851
3746,U+8F5B
3747,U+8EEA
3748,U+4857
3749,U+8F01
3750,U+8F02
3751,U+8F00
3752,U+8F08
3753,U+4854
3754,U+8F06
3755,U+8EFF
3756,U+4863
3757,U+485A
3758,U+4858
3759,U+4859
3760,U+8F11
3761,U+8F24
3762,U+4864
3763,U+485C
3764,U+8F18
3765,U+8F22
3766,U+8F2B
3767,U+485E
3768,U+8F20
3769,U+8F17
3770,U+485F
3771,U+8F23
3772,U+8F16
3773,U+8F2C
3774,U+4872
3775,U+8F28
3776,U+485D
3777,U+8F52
3778,U+8F3C
3779,U+8F32
3780,U+8F39
3781,U+8F34
3782,U+4868
3783,U+8F36
3784,U+4862
3785,U+8F2E
3786,U+8F43
3787,U+486B
3788,U+486D
3789,U+486A
3790,U+4866
3791,U+4870
3792,U+8F56
3793,U+486C
3794,U+486F
3801,U+8F47
3802,U+4873
3803,U+8F55
3804,U+8F51
3805,U+8F53
3806,U+4874
3807,U+4875
3808,U+8F4F
3809,U+4877
3810,U+487E
3811,U+8F58
3812,U+8F65
3813,U+8F60
3814,U+487B
3815,U+487D
3816,U+5F67
3817,U+39B5
3818,U+70D5
3819,U+80FE
3820,U+9168
3821,U+6223
3822,U+39BA
3823,U+622D
3824,U+6788
3825,U+3A7A
3826,U+3FEB
3827,U+725A
3828,U+3F17
3829,U+90B7
3830,U+74EA
3831,U+3F3B
3832,U+74ED
3833,U+74F3
3834,U+3F1E
3835,U+3F49
3836,U+3F47
3837,U+3F20
3838,U+3F24
3839,U+3F25
3840,U+3F26
3841,U+3F23
3842,U+3F29
3843,U+3F2A
3844,U+3F46
3845,U+3F21
3846,U+3F4B
3847,U+3F22
3848,U+74F9
3849,U+74FB
3850,U+3F28
3851,U+3F27
3852,U+3F2D
3853,U+3F2E
3854,U+74FD
3855,U+3F2B
3856,U+7500
3857,U+74FE
3858,U+3F30
3859,U+3F39
3860,U+3F32
3861,U+3F31
3862,U+3F33
3863,U+3F35
3864,U+3F34
3865,U+3F37
3866,U+7503
3867,U+3F36
3868,U+750A
3869,U+7502
3870,U+7508
3871,U+3F3A
3872,U+7509
3873,U+3F38
3874,U+3F3D
3875,U+750B
3876,U+3F44
3877,U+3F42
3878,U+3F3F
3879,U+7510
3880,U+3F40
3881,U+3F45
3882,U+7514
3883,U+3F48
3884,U+7517
3885,U+3F4A
3886,U+3F4C
3887,U+9809
3888,U+6B75
3889,U+5559
3890,U+3C56
3891,U+3A81
3892,U+3A83
3893,U+3AAD
3894,U+3A86
3901,U+3A88
3902,U+3A8E
3903,U+654A
3904,U+6571
3905,U+6546
3906,U+3A8A
3907,U+6567
3908,U+3A91
3909,U+3A95
3910,U+3A92
3911,U+3A8F
3912,U+3A97
3913,U+3A90
3914,U+3AA9
3915,U+3A96
3916,U+3A9B
3917,U+3A9D
3918,U+656E
3919,U+3AA2
3920,U+3AA0
3921,U+3AA1
3922,U+3AA5
3923,U+3AAA
3924,U+6580
3925,U+3AAC
3926,U+3AAE
3927,U+3A7F
3928,U+3A84
3929,U+6581
3930,U+3AA4
3931,U+657F
3932,U+6554
3933,U+3A99
3934,U+655C
3935,U+6586
3936,U+527A
3937,U+6F26
3938,U+6579
3939,U+3AA6
3940,U+6584
3941,U+65F4
3942,U+65F2
3943,U+65F5
3944,U+6698
3945,U+660B
3946,U+665B
3947,U+65FF
3948,U+66A3
3949,U+6604
3950,U+6612
3951,U+3ADA
3952,U+65FC
3953,U+65FB
3954,U+6609
3955,U+6608
3956,U+6629
3957,U+663A
3958,U+66E8
3959,U+66E5
3960,U+6633
3961,U+3ADF
3962,U+662B
3963,U+6621
3964,U+6632
3965,U+6622
3966,U+662A
3967,U+3B23
3968,U+6645
3969,U+6647
3970,U+669F
3971,U+6650
3972,U+3AF1
3973,U+66EE
3974,U+3AF2
3975,U+6662
3976,U+665E
3977,U+3AF0
3978,U+6659
3979,U+5963
3980,U+667D
3981,U+666B
3982,U+6679
3983,U+6672
3984,U+3AF9
3985,U+666C
3986,U+667C
3987,U+6675
3988,U+3B18
3989,U+6678
3990,U+6694
3991,U+6695
3992,U+668D
3993,U+3B0B
3994,U+3B0A
4001,U+6686
4002,U+669B
4003,U+6685
4004,U+668B
4005,U+5B74
4006,U+66ED
4007,U+669A
4008,U+3B2E
4009,U+66AC
4010,U+66B5
4011,U+3B13
4012,U+66B6
4013,U+66C3
4014,U+66C0
4015,U+66D4
4016,U+66CC
4017,U+66C8
4018,U+3B1A
4019,U+8B08
4020,U+66D2
4021,U+66D8
4022,U+3B24
4023,U+66E3
4024,U+66F6
4025,U+6701
4026,U+34BB
4027,U+5194
4028,U+34BD
4029,U+34BE
4030,U+34BF
4031,U+8D0E
4032,U+8CA4
4033,U+4767
4034,U+4788
4035,U+8D1A
4036,U+8CB9
4037,U+476B
4038,U+476D
4039,U+476A
4040,U+8CB1
4041,U+4778
4042,U+4786
4043,U+477C
4044,U+8D14
4045,U+8CE5
4046,U+8CE8
4047,U+4779
4048,U+477B
4049,U+4781
4050,U+4782
4051,U+8CF5
4052,U+8CF2
4053,U+4780
4054,U+4783
4055,U+8CF9
4056,U+8D00
4057,U+8D09
4058,U+8D07
4059,U+4AA5
4060,U+8D19
4061,U+899E
4062,U+467B
4063,U+8999
4064,U+467E
4065,U+467C
4066,U+4695
4067,U+4685
4068,U+4683
4069,U+468B
4070,U+89B8
4071,U+89A0
4072,U+4686
4073,U+89B1
4074,U+89A3
4075,U+4684
4076,U+4689
4077,U+4687
4078,U+468C
4079,U+89AB
4080,U+89AD
4081,U+468E
4082,U+4692
4083,U+468F
4084,U+3E28
4085,U+3E2A
4086,U+7264
4087,U+7263
4088,U+3E2C
4089,U+3E42
4090,U+7285
4091,U+7294
4092,U+3E2E
4093,U+7265
4094,U+3E2F
4101,U+72A1
4102,U+726D
4103,U+727C
4104,U+7273
4105,U+3E53
4106,U+3E38
4107,U+7277
4108,U+3E4C
4109,U+7278
4110,U+3E46
4111,U+3E39
4112,U+3E3C
4113,U+3E3B
4114,U+7286
4115,U+7289
4116,U+7283
4117,U+7299
4118,U+3E51
4119,U+728E
4120,U+7290
4121,U+3E4B
4122,U+7295
4123,U+3E59
4124,U+3E49
4125,U+3E44
4126,U+72A4
4127,U+7297
4128,U+3E4A
4129,U+3E4F
4130,U+3E4E
4131,U+3E52
4132,U+3E54
4133,U+3E58
4134,U+72A6
4135,U+72A5
4136,U+72A3
4137,U+72A8
4138,U+72A9
4139,U+72AA
4140,U+515F
4141,U+6394
4142,U+39ED
4143,U+39EC
4144,U+39D8
4145,U+63B1
4146,U+63F1
4147,U+646E
4148,U+642B
4149,U+6470
4150,U+3A53
4151,U+624F
4152,U+6250
4153,U+625C
4154,U+625D
4155,U+6264
4156,U+39C6
4157,U+6262
4158,U+6271
4159,U+625A
4160,U+625F
4161,U+6261
4162,U+6260
4163,U+628F
4164,U+628E
4165,U+39CA
4166,U+6294
4167,U+627D
4168,U+6287
4169,U+6290
4170,U+39C9
4171,U+628D
4172,U+6381
4173,U+6450
4174,U+6272
4175,U+62B8
4176,U+6288
4177,U+627A
4178,U+6283
4179,U+6286
4180,U+628C
4181,U+628B
4182,U+6281
4183,U+62BE
4184,U+64F3
4185,U+62B2
4186,U+62AA
4187,U+39D4
4188,U+62E4
4189,U+650E
4190,U+62B0
4191,U+62B6
4192,U+62C3
4193,U+62AE
4194,U+640A
4201,U+64FD
4202,U+39D2
4203,U+62AD
4204,U+39D9
4205,U+6397
4206,U+630B
4207,U+62FA
4208,U+39EB
4209,U+62F5
4210,U+6303
4211,U+39D7
4212,U+630F
4213,U+633B
4214,U+62F0
4215,U+644B
4216,U+39E9
4217,U+62F8
4218,U+644C
4219,U+39E1
4220,U+648F
4221,U+62EB
4222,U+62F9
4223,U+640E
4224,U+3A05
4225,U+6526
4226,U+6459
4227,U+6357
4228,U+647C
4229,U+6330
4230,U+6341
4231,U+6334
4232,U+6348
4233,U+6354
4234,U+6340
4235,U+648A
4236,U+635D
4237,U+632E
4238,U+63E4
4239,U+6336
4240,U+6358
4241,U+6385
4242,U+6395
4243,U+63AB
4244,U+3A06
4245,U+639D
4246,U+6472
4247,U+636F
4248,U+63AF
4249,U+39F9
4250,U+638D
4251,U+6373
4252,U+639C
4253,U+63A4
4254,U+39FE
4255,U+3A03
4256,U+637D
4257,U+639E
4258,U+639F
4259,U+637E
4260,U+63F5
4261,U+3A4B
4262,U+39FA
4263,U+63F3
4264,U+63D5
4265,U+6411
4266,U+6455
4267,U+3A1A
4268,U+63E6
4269,U+3A0A
4270,U+63FB
4271,U+3A0E
4272,U+3A12
4273,U+63FE
4274,U+648C
4275,U+6430
4276,U+3A10
4277,U+63D8
4278,U+3A6B
4279,U+63DC
4280,U+3A11
4281,U+63E5
4282,U+63C3
4283,U+6404
4284,U+63E2
4285,U+63D9
4286,U+6461
4287,U+3A09
4288,U+63DF
4289,U+6422
4290,U+6419
4291,U+6423
4292,U+3A16
4293,U+3A21
4294,U+3A19
4301,U+6521
4302,U+6412
4303,U+6432
4304,U+6408
4305,U+3A1D
4306,U+6431
4307,U+3A39
4308,U+64C6
4309,U+3A37
4310,U+6457
4311,U+3A3D
4312,U+647D
4313,U+6475
4314,U+6466
4315,U+6463
4316,U+6462
4317,U+645A
4318,U+6471
4319,U+3A2E
4320,U+6456
4321,U+645D
4322,U+646C
4323,U+3A2D
4324,U+644E
4325,U+3A51
4326,U+648E
4327,U+64D6
4328,U+64A0
4329,U+648D
4330,U+64D1
4331,U+64A8
4332,U+3A49
4333,U+3A4A
4334,U+3A69
4335,U+3A46
4336,U+64B4
4337,U+649B
4338,U+3A48
4339,U+649C
4340,U+64ED
4341,U+650B
4342,U+64BD
4343,U+3A77
4344,U+3A54
4345,U+3A79
4346,U+3A62
4347,U+6503
4348,U+64E9
4349,U+64FF
4350,U+3A5F
4351,U+3A64
4352,U+3A67
4353,U+3A60
4354,U+64F8
4355,U+6527
4356,U+650C
4357,U+6507
4358,U+3A71
4359,U+6517
4360,U+3A74
4361,U+6520
4362,U+8992
4363,U+3CB0
4364,U+3C93
4365,U+6BE8
4366,U+6BE5
4367,U+3C96
4368,U+3C95
4369,U+3C97
4370,U+3C99
4371,U+3C9A
4372,U+3C9F
4373,U+3C9E
4374,U+6BF0
4375,U+6BF2
4376,U+3CA8
4377,U+3CA1
4378,U+6BFC
4379,U+6BF8
4380,U+3CA3
4381,U+6C00
4382,U+3CA2
4383,U+3CAF
4384,U+6BFE
4385,U+3CA4
4386,U+3CA5
4387,U+3CAB
4388,U+3CAC
4389,U+6C03
4390,U+3CAA
4391,U+6C04
4392,U+6C0B
4393,U+3CB2
4394,U+520F
4401,U+973C
4402,U+3C1F
4403,U+5FE5
4404,U+74FA
4405,U+957A
4406,U+4988
4407,U+498A
4408,U+498B
4409,U+957D
4410,U+8991
4411,U+3C8F
4412,U+7249
4413,U+3E21
4414,U+3E20
4415,U+724F
4416,U+7251
4417,U+3E22
4418,U+90A4
4419,U+52A4
4420,U+3ABC
4421,U+65B8
4422,U+65B6
4423,U+722E
4424,U+4343
4425,U+396F
4426,U+3E17
4427,U+3E19
4428,U+808D
4429,U+43CF
4430,U+43CE
4431,U+8092
4432,U+8091
4433,U+8097
4434,U+8095
4435,U+81B7
4436,U+80A8
4437,U+81B4
4438,U+819E
4439,U+8192
4440,U+43D8
4441,U+43D7
4442,U+43D5
4443,U+80B5
4444,U+80B8
4445,U+442B
4446,U+80A3
4447,U+80CF
4448,U+80B3
4449,U+43D9
4450,U+43D6
4451,U+43D4
4452,U+43E1
4453,U+43FC
4454,U+80E0
4455,U+80C8
4456,U+80D3
4457,U+80CB
4458,U+80D1
4459,U+80E6
4460,U+43E5
4461,U+80C5
4462,U+80E3
4463,U+80D5
4464,U+4422
4465,U+4448
4466,U+43E0
4467,U+80D8
4468,U+43DF
4469,U+80D2
4470,U+80C7
4471,U+670F
4472,U+443E
4473,U+80FF
4474,U+43EA
4475,U+80F9
4476,U+8125
4477,U+81AE
4478,U+80F5
4479,U+81BC
4480,U+4429
4481,U+6712
4482,U+8121
4483,U+8120
4484,U+43E8
4485,U+80FB
4486,U+6713
4487,U+43E7
4488,U+442E
4489,U+816A
4490,U+8128
4491,U+8130
4492,U+813C
4493,U+8124
4494,U+43F5
4501,U+8126
4502,U+43F3
4503,U+43F6
4504,U+43F4
4505,U+441D
4506,U+812D
4507,U+4423
4508,U+8122
4509,U+812A
4510,U+811F
4511,U+812E
4512,U+441A
4513,U+43F1
4514,U+6718
4515,U+4408
4516,U+813B
4517,U+81D4
4518,U+8142
4519,U+8195
4520,U+4403
4521,U+8144
4522,U+813D
4523,U+4447
4524,U+4406
4525,U+814D
4526,U+4404
4527,U+813A
4528,U+43FD
4529,U+8143
4530,U+8145
4531,U+4439
4532,U+4402
4533,U+8152
4534,U+4405
4535,U+814F
4536,U+4409
4537,U+81B9
4538,U+815C
4539,U+4420
4540,U+8177
4541,U+815D
4542,U+441B
4543,U+4412
4544,U+440E
4545,U+4415
4546,U+8172
4547,U+81AD
4548,U+8187
4549,U+816F
4550,U+6721
4551,U+8164
4552,U+8163
4553,U+4424
4554,U+5E50
4555,U+81A2
4556,U+4414
4557,U+8175
4558,U+815B
4559,U+816C
4560,U+441F
4561,U+441C
4562,U+442A
4563,U+818E
4564,U+8189
4565,U+8181
4566,U+441E
4567,U+4435
4568,U+81B5
4569,U+442C
4570,U+442F
4571,U+8197
4572,U+444D
4573,U+4431
4574,U+819F
4575,U+81A1
4576,U+4432
4577,U+443C
4578,U+443B
4579,U+443A
4580,U+81AB
4581,U+4436
4582,U+444A
4583,U+81B2
4584,U+443F
4585,U+81B0
4586,U+444C
4587,U+87A3
4588,U+7E22
4589,U+8199
4590,U+81AF
4591,U+81D2
4592,U+81C4
4593,U+81C5
4594,U+4440
4601,U+81D1
4602,U+81D0
4603,U+4444
4604,U+9C27
4605,U+81CE
4606,U+81DB
4607,U+81E2
4608,U+444F
4609,U+444E
4610,U+444B
4611,U+818B
4612,U+4441
4613,U+8100
4614,U+43FF
4615,U+81D6
4616,U+3C22
4617,U+3C21
4618,U+6B26
4619,U+6B4D
4620,U+3C25
4621,U+3C24
4622,U+3C28
4623,U+6B2A
4624,U+6B29
4625,U+3C27
4626,U+3C2A
4627,U+6B2F
4628,U+3C33
4629,U+3C2D
4630,U+3C30
4631,U+3C23
4632,U+6B2D
4633,U+3C2B
4634,U+6B31
4635,U+3C2C
4636,U+6B36
4637,U+6B44
4638,U+6B38
4639,U+3C3C
4640,U+3C32
4641,U+3C37
4642,U+6B3F
4643,U+3C36
4644,U+6B3B
4645,U+3C3B
4646,U+6B41
4647,U+3C3D
4648,U+3C39
4649,U+3C3E
4650,U+6B48
4651,U+3C3A
4652,U+3C4C
4653,U+3C41
4654,U+6B4F
4655,U+3C47
4656,U+6B5C
4657,U+6B5E
4658,U+3C4A
4659,U+6B60
4660,U+4AF8
4661,U+4AF9
4662,U+98A9
4663,U+98BA
4664,U+98B9
4665,U+98AC
4666,U+4AFB
4667,U+4AFD
4668,U+4AFC
4669,U+4B02
4670,U+98AD
4671,U+4B01
4672,U+4AFE
4673,U+4AFF
4674,U+4B00
4675,U+4B04
4676,U+98B2
4677,U+4B0A
4678,U+4B1B
4679,U+4B1F
4680,U+4B05
4681,U+4B1E
4682,U+4B09
4683,U+98B5
4684,U+4B06
4685,U+4B08
4686,U+4B0B
4687,U+4B0E
4688,U+4B10
4689,U+4B0D
4690,U+98CD
4691,U+4B0F
4692,U+4B11
4693,U+98B8
4694,U+4B14
4701,U+4B13
4702,U+98BE
4703,U+98C0
4704,U+4B18
4705,U+4B1D
4706,U+98C1
4707,U+98C2
4708,U+3C7D
4709,U+6BB6
4710,U+3C7E
4711,U+6BB9
4712,U+3C82
4713,U+3C81
4714,U+55C0
4715,U+370C
4716,U+3745
4717,U+6996
4718,U+3E89
4719,U+4428
4720,U+3A0C
4721,U+3DE4
4722,U+3C85
4723,U+7789
4724,U+9DC7
4725,U+434D
4726,U+7E20
4727,U+6BC7
4728,U+8C70
4729,U+3C89
4730,U+5FDE
4731,U+9CFC
4732,U+65BA
4733,U+65DF
4734,U+9D0B
4735,U+65CA
4736,U+65C7
4737,U+65DD
4738,U+65D0
4739,U+65D3
4740,U+3ACD
4741,U+65DB
4742,U+65DE
4743,U+90A9
4744,U+7077
4745,U+71E4
4746,U+7079
4747,U+720C
4748,U+7090
4749,U+71B0
4750,U+7135
4751,U+3DA7
4752,U+7182
4753,U+3DC3
4754,U+7098
4755,U+708C
4756,U+71A7
4757,U+7082
4758,U+7088
4759,U+7086
4760,U+70A2
4761,U+70A3
4762,U+7204
4763,U+70A6
4764,U+709F
4765,U+70A0
4766,U+70B4
4767,U+70A7
4768,U+3DB2
4769,U+70B5
4770,U+70A5
4771,U+70AA
4772,U+71E1
4773,U+70DC
4774,U+70E0
4775,U+719A
4776,U+71C6
4777,U+70FB
4778,U+70C7
4779,U+70DA
4780,U+3DB4
4781,U+70C4
4782,U+71D6
4783,U+3DBF
4784,U+70F3
4785,U+70FC
4786,U+70F2
4787,U+7107
4788,U+7106
4789,U+7189
4790,U+7101
4791,U+3DFF
4792,U+710D
4793,U+70FA
4794,U+7117
4801,U+3DBC
4802,U+710C
4803,U+711F
4804,U+7150
4805,U+3DC8
4806,U+715A
4807,U+711C
4808,U+7138
4809,U+7137
4810,U+711D
4811,U+711E
4812,U+71C0
4813,U+712A
4814,U+7125
4815,U+71BD
4816,U+7141
4817,U+714F
4818,U+7143
4819,U+7221
4820,U+7174
4821,U+714B
4822,U+7153
4823,U+3DE2
4824,U+716A
4825,U+7154
4826,U+7146
4827,U+7163
4828,U+7208
4829,U+7201
4830,U+7223
4831,U+715B
4832,U+7180
4833,U+3DEA
4834,U+7187
4835,U+3DF0
4836,U+717B
4837,U+7191
4838,U+7181
4839,U+71A5
4840,U+71AD
4841,U+71AF
4842,U+3DF9
4843,U+719B
4844,U+71BC
4845,U+719C
4846,U+71AE
4847,U+71A4
4848,U+71CD
4849,U+71C2
4850,U+71B8
4851,U+71CB
4852,U+71BB
4853,U+71C9
4854,U+71DA
4855,U+71CF
4856,U+71EF
4857,U+71E9
4858,U+71EB
4859,U+71F8
4860,U+7209
4861,U+7214
4862,U+721F
4863,U+3E0D
4864,U+70B0
4865,U+70DD
4866,U+55A3
4867,U+3AB5
4868,U+3ABB
4869,U+659D
4870,U+3AB9
4871,U+65A0
4872,U+3ABA
4873,U+65A3
4874,U+39C0
4875,U+623A
4876,U+39BF
4877,U+39C1
4878,U+6242
4879,U+6245
4880,U+6246
4881,U+624A
4882,U+6024
4883,U+6039
4884,U+390E
4885,U+3923
4886,U+6098
4887,U+392E
4888,U+393B
4889,U+60CE
4890,U+60C1
4891,U+60C4
4892,U+60B9
4893,U+60E2
4894,U+3968
4901,U+6117
4902,U+6141
4903,U+6201
4904,U+6183
4905,U+6157
4906,U+6196
4907,U+6166
4908,U+6199
4909,U+398C
4910,U+61D8
4911,U+399F
4912,U+399D
4913,U+5FCA
4914,U+5FC7
4915,U+5FD3
4916,U+5FD5
4917,U+61D9
4918,U+5FD4
4919,U+38FF
4920,U+61ED
4921,U+5FDA
4922,U+6113
4923,U+225D6
4924,U+6107
4925,U+6171
4926,U+3904
4927,U+5FF3
4928,U+3909
4929,U+3907
4930,U+5FE6
4931,U+60C0
4932,U+5FF4
4933,U+5FEF
4934,U+5FFA
4935,U+6032
4936,U+6034
4937,U+6017
4938,U+601A
4939,U+601E
4940,U+6022
4941,U+6010
4942,U+390F
4943,U+396E
4944,U+6009
4945,U+602D
4946,U+600B
4947,U+3915
4948,U+6013
4949,U+6036
4950,U+602E
4951,U+6047
4952,U+605C
4953,U+6045
4954,U+607E
4955,U+3926
4956,U+6053
4957,U+6057
4958,U+3921
4959,U+608F
4960,U+604E
4961,U+3924
4962,U+605B
4963,U+606E
4964,U+61C0
4965,U+604C
4966,U+6040
4967,U+61F0
4968,U+61E0
4969,U+6054
4970,U+3925
4971,U+391D
4972,U+6072
4973,U+61B9
4974,U+6048
4975,U+61E4
4976,U+6088
4977,U+6129
4978,U+3938
4979,U+3934
4980,U+61A6
4981,U+3931
4982,U+3936
4983,U+6082
4984,U+609C
4985,U+6081
4986,U+612A
4987,U+608E
4988,U+6087
4989,U+6095
4990,U+61B8
4991,U+610C
4992,U+6097
4993,U+6099
4994,U+61AA
5001,U+60A2
5002,U+6080
5003,U+397D
5004,U+60BF
5005,U+3944
5006,U+60D0
5007,U+398E
5008,U+3953
5009,U+393F
5010,U+3942
5011,U+60C8
5012,U+60C3
5013,U+6156
5014,U+394F
5015,U+39AC
5016,U+61EB
5017,U+3952
5018,U+3945
5019,U+60D7
5020,U+60DB
5021,U+60C7
5022,U+60D3
5023,U+60D4
5024,U+60B0
5025,U+60BE
5026,U+60B7
5027,U+393E
5028,U+3946
5029,U+60D9
5030,U+395B
5031,U+3990
5032,U+6116
5033,U+613A
5034,U+610A
5035,U+60FF
5036,U+6112
5037,U+395C
5038,U+6122
5039,U+6132
5040,U+610B
5041,U+60FE
5042,U+6114
5043,U+617A
5044,U+3962
5045,U+6103
5046,U+60FC
5047,U+3961
5048,U+6145
5049,U+395F
5050,U+612D
5051,U+3973
5052,U+6130
5053,U+6165
5054,U+3974
5055,U+612E
5056,U+6146
5057,U+6140
5058,U+6143
5059,U+616C
5060,U+6152
5061,U+398B
5062,U+3986
5063,U+6181
5064,U+3987
5065,U+39A6
5066,U+3991
5067,U+3995
5068,U+6180
5069,U+6193
5070,U+619B
5071,U+61AD
5072,U+61AF
5073,U+3992
5074,U+61A3
5075,U+3993
5076,U+61B1
5077,U+619E
5078,U+398F
5079,U+6195
5080,U+61B0
5081,U+399C
5082,U+3997
5083,U+61C5
5084,U+61C6
5085,U+61C1
5086,U+61BF
5087,U+61BA
5088,U+61BB
5089,U+61F1
5090,U+61E5
5091,U+61E1
5092,U+61EE
5093,U+39A5
5094,U+39AA
5101,U+61F9
5102,U+6202
5103,U+6204
5104,U+6BCC
5105,U+6BD1
5106,U+4CC7
5107,U+6C80
5108,U+3D57
5109,U+6F10
5110,U+7053
5111,U+6F00
5112,U+6FCC
5113,U+3D68
5114,U+6C43
5115,U+6C3F
5116,U+6C48
5117,U+6C4F
5118,U+6C58
5119,U+6C4C
5120,U+6C77
5121,U+6C4D
5122,U+6C4B
5123,U+7007
5124,U+3CBD
5125,U+6C67
5126,U+6C6B
5127,U+6F55
5128,U+6E4B
5129,U+6C84
5130,U+6F19
5131,U+6C9E
5132,U+6C65
5133,U+3CC1
5134,U+6C71
5135,U+6C8B
5136,U+6C6F
5137,U+6C98
5138,U+6C8D
5139,U+6C9A
5140,U+6D7F
5141,U+6C6D
5142,U+6D80
5143,U+6C7B
5144,U+6C7C
5145,U+6C73
5146,U+6F0E
5147,U+3CC7
5148,U+6C75
5149,U+6C66
5150,U+6CF2
5151,U+6C95
5152,U+6E22
5153,U+6EA9
5154,U+6C78
5155,U+6C91
5156,U+6CAC
5157,U+6CB6
5158,U+6CCB
5159,U+7004
5160,U+6CCD
5161,U+3CD0
5162,U+6CB0
5163,U+6CB7
5164,U+6CD9
5165,U+6CE7
5166,U+6DB7
5167,U+6CBA
5168,U+6CC2
5169,U+6CC6
5170,U+6CED
5171,U+6CD2
5172,U+6CB4
5173,U+6CDC
5174,U+6CC3
5175,U+6FD4
5176,U+6CEC
5177,U+6CE6
5178,U+6CCF
5179,U+6CC7
5180,U+6FE7
5181,U+6CD1
5182,U+6D2D
5183,U+6D21
5184,U+6D14
5185,U+6D18
5186,U+6D13
5187,U+6D0F
5188,U+6D0A
5189,U+6D3F
5190,U+6FBE
5191,U+6D1F
5192,U+6EED
5193,U+6D37
5194,U+6CDA
5201,U+6EAE
5202,U+6D38
5203,U+6FCA
5204,U+6D8F
5205,U+6D11
5206,U+6D15
5207,U+6D2C
5208,U+6D3A
5209,U+6D28
5210,U+6EFB
5211,U+3CD8
5212,U+3D92
5213,U+6D34
5214,U+6D23
5215,U+6D1D
5216,U+6CFF
5217,U+6FDC
5218,U+3D4B
5219,U+6D8D
5220,U+3CE7
5221,U+6D61
5222,U+6D6D
5223,U+6D62
5224,U+3CEA
5225,U+6E91
5226,U+6D67
5227,U+6EB3
5228,U+6D65
5229,U+3D04
5230,U+6D70
5231,U+6D5F
5232,U+6FB0
5233,U+6D7D
5234,U+6D5B
5235,U+6D75
5236,U+6D9A
5237,U+6D7A
5238,U+6D64
5239,U+6D76
5240,U+6D6B
5241,U+6D92
5242,U+6D58
5243,U+6D8A
5244,U+6D98
5245,U+3D02
5246,U+6DD5
5247,U+6DE9
5248,U+6DAC
5249,U+6E03
5250,U+6DD4
5251,U+3CF9
5252,U+6DE2
5253,U+6F85
5254,U+3D0E
5255,U+6E00
5256,U+3D3F
5257,U+6DF2
5258,U+6DCF
5259,U+6DC2
5260,U+6DC9
5261,U+6F0D
5262,U+6DD0
5263,U+6DDF
5264,U+6DB6
5265,U+6DB9
5266,U+3CDB
5267,U+3CF6
5268,U+3D45
5269,U+6DF0
5270,U+6DDC
5271,U+6DCD
5272,U+6DBD
5273,U+6DCA
5274,U+3CF7
5275,U+6DF4
5276,U+6DC1
5277,U+3CFF
5278,U+6DC3
5279,U+6E74
5280,U+6F6C
5281,U+6DB4
5282,U+6F5A
5283,U+6DC8
5284,U+6DBE
5285,U+6E71
5286,U+6FC6
5287,U+6E3D
5288,U+6E9A
5289,U+6FD9
5290,U+6E73
5291,U+6E62
5292,U+6E45
5293,U+6E1C
5294,U+6E41
5301,U+6E5D
5302,U+3D10
5303,U+6E68
5304,U+6E5C
5305,U+6E52
5306,U+3D18
5307,U+6E61
5308,U+6E66
5309,U+6E28
5310,U+6E31
5311,U+6E60
5312,U+3D19
5313,U+6E69
5314,U+6EBE
5315,U+6E30
5316,U+6E72
5317,U+6E39
5318,U+6E70
5319,U+3D14
5320,U+6E1F
5321,U+3D12
5322,U+6E59
5323,U+7019
5324,U+6E46
5325,U+6E27
5326,U+3D9B
5327,U+6E64
5328,U+6EA0
5329,U+6E3C
5330,U+6F0A
5331,U+6E6D
5332,U+6E49
5333,U+3D0F
5334,U+3D2B
5335,U+6E33
5336,U+3D52
5337,U+6E51
5338,U+6E18
5339,U+6E6A
5340,U+6EF6
5341,U+3D33
5342,U+6E92
5343,U+6E8D
5344,U+6E8E
5345,U+6ED2
5346,U+6EC6
5347,U+7059
5348,U+6EC9
5349,U+6EAD
5350,U+6EA6
5351,U+3D25
5352,U+6E97
5353,U+6EEB
5354,U+3D32
5355,U+6EC3
5356,U+3D2F
5357,U+6F28
5358,U+6EC8
5359,U+6F37
5360,U+6FAC
5361,U+6EC0
5362,U+6E94
5363,U+6E93
5364,U+3D2D
5365,U+3D86
5366,U+3D36
5367,U+6ED8
5368,U+6ECD
5369,U+6FA6
5370,U+6F39
5371,U+702F
5372,U+6F1C
5373,U+6EFC
5374,U+6F18
5375,U+6F3A
5376,U+6EEE
5377,U+6F4E
5378,U+6F69
5379,U+3D43
5380,U+6F3C
5381,U+6F30
5382,U+6F34
5383,U+7034
5384,U+6F07
5385,U+3D3D
5386,U+6F08
5387,U+6EFD
5388,U+6F2E
5389,U+6EF0
5390,U+6EF3
5391,U+3D84
5392,U+705B
5393,U+6EF1
5394,U+6F03
5401,U+6F25
5402,U+6EF5
5403,U+6F73
5404,U+3D8F
5405,U+6F1D
5406,U+6F3B
5407,U+6F56
5408,U+3D7E
5409,U+6F75
5410,U+3D67
5411,U+6F53
5412,U+6F65
5413,U+3D50
5414,U+6FCE
5415,U+6FC8
5416,U+7022
5417,U+6F6A
5418,U+6F5F
5419,U+6F50
5420,U+6F68
5421,U+6F93
5422,U+3D4C
5423,U+6F5D
5424,U+6F6B
5425,U+6F7D
5426,U+6F7E
5427,U+6F8A
5428,U+6FBB
5429,U+705F
5430,U+6F12
5431,U+6F4F
5432,U+6FED
5433,U+6FE9
5434,U+6FAA
5435,U+6FBD
5436,U+3D79
5437,U+6FD6
5438,U+6FB4
5439,U+3D5E
5440,U+6FA8
5441,U+3D95
5442,U+6FA5
5443,U+3D5D
5444,U+6FBA
5445,U+3D60
5446,U+6FBC
5447,U+3D6B
5448,U+700E
5449,U+3D72
5450,U+3D7A
5451,U+3D8D
5452,U+6FE5
5453,U+7001
5454,U+7021
5455,U+6FE2
5456,U+7014
5457,U+7000
5458,U+3D7D
5459,U+3D7F
5460,U+3D81
5461,U+3D80
5462,U+700D
5463,U+700C
5464,U+702B
5465,U+701C
5466,U+7016
5467,U+3D8E
5468,U+7052
5469,U+7024
5470,U+7017
5471,U+7031
5472,U+7038
5473,U+7042
5474,U+703A
5475,U+703C
5476,U+703D
5477,U+7037
5478,U+704A
5479,U+7048
5480,U+7045
5481,U+3D94
5482,U+3D96
5483,U+7049
5484,U+7056
5485,U+3D9F
5486,U+706A
5487,U+799C
5488,U+411F
5489,U+79A8
5490,U+793F
5491,U+7993
5492,U+79A1
5493,U+40FF
5494,U+7995
5501,U+40FE
5502,U+794C
5503,U+794B
5504,U+794A
5505,U+794F
5506,U+7950
5507,U+7954
5508,U+4106
5509,U+79AC
5510,U+796B
5511,U+7974
5512,U+4109
5513,U+7972
5514,U+797E
5515,U+7983
5516,U+410B
5517,U+797C
5518,U+7979
5519,U+7996
5520,U+798B
5521,U+7991
5522,U+7997
5523,U+7998
5524,U+799B
5525,U+79A0
5526,U+411C
5527,U+799F
5528,U+411D
5529,U+411A
5530,U+79A4
5531,U+79AB
5532,U+79AD
5533,U+4124
5534,U+79B5
5535,U+79B6
5536,U+3F4F
5537,U+3F51
5538,U+45E3
5539,U+77FC
5540,U+77FA
5541,U+77FB
5542,U+7810
5543,U+7912
5544,U+4098
5545,U+409C
5546,U+7930
5547,U+780B
5548,U+7899
5549,U+40BB
5550,U+780E
5551,U+78EB
5552,U+409A
5553,U+7896
5554,U+780F
5555,U+7803
5556,U+780A
5557,U+7804
5558,U+781E
5559,U+788A
5560,U+40D5
5561,U+7835
5562,U+7822
5563,U+7833
5564,U+7820
5565,U+40A0
5566,U+40A6
5567,U+7831
5568,U+4CBD
5569,U+40A7
5570,U+782B
5571,U+7910
5572,U+782E
5573,U+409F
5574,U+790B
5575,U+785C
5576,U+782F
5577,U+40AE
5578,U+7848
5579,U+40AC
5580,U+40C1
5581,U+40EE
5582,U+7844
5583,U+40A9
5584,U+7904
5585,U+785F
5586,U+784A
5587,U+7849
5588,U+784D
5589,U+7866
5590,U+78BD
5591,U+40B6
5592,U+7865
5593,U+7869
5594,U+78E0
5601,U+785E
5602,U+40B3
5603,U+7861
5604,U+7860
5605,U+7883
5606,U+7890
5607,U+788F
5608,U+40CA
5609,U+78A4
5610,U+40B8
5611,U+7895
5612,U+787D
5613,U+40C0
5614,U+78DB
5615,U+7925
5616,U+40C2
5617,U+7878
5618,U+7885
5619,U+787E
5620,U+40B7
5621,U+40C7
5622,U+7929
5623,U+40B9
5624,U+78FE
5625,U+7886
5626,U+7882
5627,U+787F
5628,U+40BF
5629,U+78B6
5630,U+40CC
5631,U+789D
5632,U+40CE
5633,U+40C8
5634,U+78AE
5635,U+78A8
5636,U+40E2
5637,U+78AB
5638,U+78C8
5639,U+78D3
5640,U+40F5
5641,U+40D4
5642,U+78A6
5643,U+78AC
5644,U+78DD
5645,U+40D3
5646,U+78CC
5647,U+40D2
5648,U+791B
5649,U+78C3
5650,U+78E4
5651,U+78BB
5652,U+78C4
5653,U+78CF
5654,U+78CD
5655,U+7917
5656,U+40D7
5657,U+78BF
5658,U+78E1
5659,U+78E9
5660,U+78E2
5661,U+78E5
5662,U+78DE
5663,U+40DE
5664,U+40E7
5665,U+78F9
5666,U+40E1
5667,U+40EC
5668,U+78F6
5669,U+78FC
5670,U+78FB
5671,U+40F9
5672,U+78F3
5673,U+40ED
5674,U+790C
5675,U+7909
5676,U+7923
5677,U+7918
5678,U+40F0
5679,U+7927
5680,U+7928
5681,U+40F3
5682,U+40F6
5683,U+7933
5684,U+40F7
5685,U+40F8
5686,U+5C28
5687,U+9F8F
5688,U+9A61
5689,U+9F91
5690,U+9F96
5691,U+9E17
5692,U+9F93
5693,U+882A
5694,U+8B8B
5701,U+4012
5702,U+76F5
5703,U+4010
5704,U+4013
5705,U+77CC
5706,U+4051
5707,U+4011
5708,U+4018
5709,U+4016
5710,U+76F6
5711,U+77B4
5712,U+7703
5713,U+72CA
5714,U+4019
5715,U+4042
5716,U+774D
5717,U+770A
5718,U+76FA
5719,U+7705
5720,U+76FB
5721,U+779B
5722,U+7754
5723,U+401B
5724,U+76F7
5725,U+4017
5726,U+4015
5727,U+771B
5728,U+771C
5729,U+7710
5730,U+405D
5731,U+4026
5732,U+772A
5733,U+77D3
5734,U+7713
5735,U+77D1
5736,U+7712
5737,U+770F
5738,U+7716
5739,U+7715
5740,U+7717
5741,U+7797
5742,U+407B
5743,U+4077
5744,U+4023
5745,U+401F
5746,U+407A
5747,U+4034
5748,U+7711
5749,U+7732
5750,U+4039
5751,U+7731
5752,U+7730
5753,U+772E
5754,U+4028
5755,U+403D
5756,U+77B1
5757,U+773D
5758,U+402C
5759,U+7734
5760,U+7733
5761,U+4029
5762,U+77D5
5763,U+402E
5764,U+402D
5765,U+7739
5766,U+7774
5767,U+4078
5768,U+4072
5769,U+4037
5770,U+77D6
5771,U+403F
5772,U+7744
5773,U+7745
5774,U+7748
5775,U+403B
5776,U+774A
5777,U+405A
5778,U+774B
5779,U+4032
5780,U+403A
5781,U+774E
5782,U+7749
5783,U+4030
5784,U+774C
5785,U+77A4
5786,U+77AF
5787,U+77B7
5788,U+7746
5789,U+4036
5790,U+7756
5791,U+4044
5792,U+4046
5793,U+406A
5794,U+7757
5801,U+776D
5802,U+4069
5803,U+775F
5804,U+7752
5805,U+7755
5806,U+4047
5807,U+4048
5808,U+7777
5809,U+7769
5810,U+404A
5811,U+4045
5812,U+7776
5813,U+4070
5814,U+7775
5815,U+404B
5816,U+404D
5817,U+7781
5818,U+4052
5819,U+7772
5820,U+404C
5821,U+77B6
5822,U+405B
5823,U+777A
5824,U+776E
5825,U+4053
5826,U+404E
5827,U+779C
5828,U+7771
5829,U+4055
5830,U+776F
5831,U+4065
5832,U+4073
5833,U+77D8
5834,U+7790
5835,U+405C
5836,U+4059
5837,U+4058
5838,U+4064
5839,U+77CA
5840,U+77A6
5841,U+77AB
5842,U+406D
5843,U+77AD
5844,U+406E
5845,U+406B
5846,U+406C
5847,U+77C6
5848,U+77C2
5849,U+4075
5850,U+4076
5851,U+4074
5852,U+407E
5853,U+77C4
5854,U+77CE
5855,U+77C5
5856,U+407C
5857,U+407D
5858,U+77D0
5859,U+407F
5860,U+77D4
5861,U+4083
5862,U+4081
5863,U+4082
5864,U+753F
5865,U+7550
5866,U+3F5A
5867,U+7547
5868,U+3F58
5869,U+7558
5870,U+7556
5871,U+3F5B
5872,U+7564
5873,U+3F60
5874,U+756C
5875,U+756F
5876,U+6983
5877,U+3F61
5878,U+3F69
5879,U+7577
5880,U+3F68
5881,U+3F67
5882,U+3F65
5883,U+757E
5884,U+7581
5885,U+7584
5886,U+3F6C
5887,U+3F6B
5888,U+3F6D
5889,U+7588
5890,U+4362
5891,U+4365
5892,U+4354
5893,U+7714
5894,U+7F5D
5901,U+7F5B
5902,U+4355
5903,U+7F5C
5904,U+4357
5905,U+7F65
5906,U+4359
5907,U+7F66
5908,U+7F6B
5909,U+7F67
5910,U+7F6D
5911,U+435D
5912,U+7F73
5913,U+7F6F
5914,U+7F76
5915,U+4360
5916,U+7F82
5917,U+4361
5918,U+7F7B
5919,U+7F84
5920,U+7F7A
5921,U+7F7D
5922,U+7F7F
5923,U+4363
5924,U+7F87
5925,U+3FFC
5926,U+3FFD
5927,U+4001
5928,U+4009
5929,U+76D3
5930,U+76D5
5931,U+76DA
5932,U+76DD
5933,U+76E8
5934,U+4008
5935,U+4007
5936,U+76E6
5937,U+76E9
5938,U+76EC
5939,U+400A
5940,U+7521
5941,U+4090
5942,U+408F
5943,U+4092
5944,U+4091
5945,U+4094
5946,U+4095
5947,U+77F0
5948,U+77F1
5949,U+79C5
5950,U+7A6C
5951,U+79C4
5952,U+412F
5953,U+412E
5954,U+7A26
5955,U+79D3
5956,U+79EC
5957,U+4130
5958,U+4132
5959,U+79CE
5960,U+79D9
5961,U+79E0
5962,U+418D
5963,U+79DE
5964,U+76C9
5965,U+79E8
5966,U+79E2
5967,U+79EA
5968,U+4173
5969,U+79DC
5970,U+4136
5971,U+79DB
5972,U+413E
5973,U+79F2
5974,U+4143
5975,U+7A0F
5976,U+413C
5977,U+4140
5978,U+7A58
5979,U+79F7
5980,U+79F1
5981,U+79F5
5982,U+79F3
5983,U+413B
5984,U+4142
5985,U+414A
5986,U+7A67
5987,U+79FA
5988,U+4141
5989,U+7A60
5990,U+79FF
5991,U+414C
5992,U+7A0C
5993,U+4151
5994,U+4153
6001,U+7A0A
6002,U+7A11
6003,U+7A13
6004,U+7A19
6005,U+7A22
6006,U+4156
6007,U+7A12
6008,U+7A1B
6009,U+415C
6010,U+7A1D
6011,U+415A
6012,U+7A47
6013,U+4154
6014,U+7A27
6015,U+7A41
6016,U+7A2B
6017,U+4165
6018,U+7A29
6019,U+4162
6020,U+7A2F
6021,U+4167
6022,U+7A4A
6023,U+7A30
6024,U+4177
6025,U+4178
6026,U+4174
6027,U+4189
6028,U+417B
6029,U+4185
6030,U+416D
6031,U+4175
6032,U+416C
6033,U+7A34
6034,U+417A
6035,U+417C
6036,U+7A44
6037,U+417E
6038,U+7A59
6039,U+4180
6040,U+7A5B
6041,U+7A5C
6042,U+4183
6043,U+7A5F
6044,U+4184
6045,U+7A6E
6046,U+418A
6047,U+7A73
6048,U+418E
6049,U+7A71
6050,U+418F
6051,U+767F
6052,U+7680
6053,U+3696
6054,U+7685
6055,U+768F
6056,U+7695
6057,U+7694
6058,U+7698
6059,U+769F
6060,U+7697
6061,U+769D
6062,U+769E
6063,U+769B
6064,U+76A7
6065,U+3FE5
6066,U+3FE6
6067,U+76A0
6068,U+76A6
6069,U+76AB
6070,U+76AD
6071,U+74DD
6072,U+3F12
6073,U+3F0A
6074,U+3F09
6075,U+3F0C
6076,U+3F15
6077,U+3F0E
6078,U+3F0F
6079,U+3F11
6080,U+3F14
6081,U+3F10
6082,U+3F13
6083,U+3F16
6084,U+9CE6
6085,U+9CE8
6086,U+4CAF
6087,U+9E03
6088,U+9CFD
6089,U+9CFA
6090,U+9CFE
6091,U+9D00
6092,U+9D01
6093,U+4CB8
6094,U+4CF7
6101,U+9CF9
6102,U+9CFB
6103,U+4CB2
6104,U+9D14
6105,U+9DAC
6106,U+4CAC
6107,U+9D05
6108,U+9D02
6109,U+9D0A
6110,U+9D31
6111,U+9D1A
6112,U+4CB9
6113,U+4CC1
6114,U+9D20
6115,U+9D1E
6116,U+4CC5
6117,U+4CC0
6118,U+9D12
6119,U+4CC9
6120,U+4CC3
6121,U+9DFD
6122,U+9E0B
6123,U+9D25
6124,U+9D13
6125,U+9D16
6126,U+9D5B
6127,U+9D18
6128,U+9D22
6129,U+4CCD
6130,U+4CD1
6131,U+9D37
6132,U+9D4A
6133,U+4D03
6134,U+9DEE
6135,U+9D40
6136,U+9D34
6137,U+9D32
6138,U+9D45
6139,U+9D41
6140,U+9D3D
6141,U+4CD6
6142,U+9D50
6143,U+9E09
6144,U+9D4F
6145,U+9D86
6146,U+4CE4
6147,U+4CDA
6148,U+4CD9
6149,U+9DB0
6150,U+4CE5
6151,U+9D56
6152,U+9D4C
6153,U+4CDC
6154,U+9D57
6155,U+9D4E
6156,U+4CD5
6157,U+9D5F
6158,U+9D4D
6159,U+9D54
6160,U+4CE2
6161,U+9D78
6162,U+9D88
6163,U+4CFB
6164,U+9D6B
6165,U+9D7E
6166,U+4CE0
6167,U+9D83
6168,U+9D7B
6169,U+9D69
6170,U+9D75
6171,U+9D6E
6172,U+9D8A
6173,U+4CDD
6174,U+9D7C
6175,U+9D77
6176,U+9D73
6177,U+9DEB
6178,U+9D8B
6179,U+9D8C
6180,U+9D7D
6181,U+9D85
6182,U+9DA0
6183,U+9D92
6184,U+9D9D
6185,U+9D9B
6186,U+9DAA
6187,U+9DA1
6188,U+4CEA
6189,U+9D96
6190,U+4CEF
6191,U+4CE7
6192,U+4CEE
6193,U+9E11
6194,U+9D99
6201,U+9DDC
6202,U+4CEB
6203,U+9DD4
6204,U+9DCB
6205,U+9DC3
6206,U+4CF4
6207,U+9DBD
6208,U+9DCE
6209,U+9DC9
6210,U+9DB2
6211,U+9DB9
6212,U+9DBA
6213,U+9DC1
6214,U+9DB1
6215,U+4CF3
6216,U+9DD6
6217,U+9DE9
6218,U+9DD5
6219,U+9DDF
6220,U+4CF9
6221,U+4D06
6222,U+4D08
6223,U+9DED
6224,U+4D01
6225,U+4CFE
6226,U+9E0F
6227,U+4D07
6228,U+9E06
6229,U+4D0B
6230,U+4D09
6231,U+9E00
6232,U+9E07
6233,U+9E01
6234,U+9E02
6235,U+9E0A
6236,U+4D11
6237,U+9E13
6238,U+9E18
6239,U+7595
6240,U+759B
6241,U+3FBA
6242,U+75A8
6243,U+3F79
6244,U+7632
6245,U+75BA
6246,U+75A7
6247,U+3F85
6248,U+75A2
6249,U+3FB5
6250,U+75A6
6251,U+3F77
6252,U+3F80
6253,U+3F81
6254,U+75C1
6255,U+3FD6
6256,U+75BB
6257,U+3F86
6258,U+3F8E
6259,U+3F88
6260,U+3F89
6261,U+3F83
6262,U+75C6
6263,U+3F7E
6264,U+3F8F
6265,U+3F8A
6266,U+75CF
6267,U+3F8D
6268,U+3F9C
6269,U+75D3
6270,U+3F94
6271,U+3F8B
6272,U+7650
6273,U+75D1
6274,U+75CE
6275,U+764A
6276,U+3F92
6277,U+3FD2
6278,U+3FA1
6279,U+75E1
6280,U+3FDB
6281,U+75DD
6282,U+75DF
6283,U+3F93
6284,U+7611
6285,U+75D7
6286,U+3F99
6287,U+3FCC
6288,U+75E5
6289,U+3F9B
6290,U+760F
6291,U+7604
6292,U+3FA8
6293,U+75F7
6294,U+3FA5
6301,U+3FA7
6302,U+75EC
6303,U+75F6
6304,U+3FDA
6305,U+7639
6306,U+75F8
6307,U+75ED
6308,U+3FA6
6309,U+75EF
6310,U+3FA4
6311,U+762E
6312,U+7608
6313,U+3FCE
6314,U+760E
6315,U+3FC3
6316,U+3FB0
6317,U+3FAA
6318,U+3FAF
6319,U+3FB6
6320,U+7607
6321,U+7623
6322,U+3FBC
6323,U+3FBB
6324,U+7628
6325,U+3FB9
6326,U+761D
6327,U+3FC1
6328,U+3FB7
6329,U+3FBE
6330,U+3FD8
6331,U+3FC4
6332,U+3FD5
6333,U+3FC7
6334,U+3FCA
6335,U+3FD3
6336,U+7659
6337,U+765D
6338,U+3FD1
6339,U+3FD9
6340,U+7AF1
6341,U+7AD1
6342,U+41C5
6343,U+7ADB
6344,U+7AD8
6345,U+9D17
6346,U+41C8
6347,U+41CD
6348,U+41CF
6349,U+41D0
6350,U+41D3
6351,U+7AF3
6352,U+41D4
6353,U+7A7C
6354,U+41B0
6355,U+4195
6356,U+7A85
6357,U+7A8C
6358,U+7AB5
6359,U+419B
6360,U+419F
6361,U+7A8F
6362,U+7A99
6363,U+41A2
6364,U+7AA2
6365,U+41A8
6366,U+7A9E
6367,U+7AA3
6368,U+7AA1
6369,U+7AAB
6370,U+7AC0
6371,U+7AB4
6372,U+41BE
6373,U+7AB2
6374,U+7AB8
6375,U+41B1
6376,U+41AF
6377,U+7ABE
6378,U+7AC1
6379,U+41B9
6380,U+41BD
6381,U+41C1
6382,U+758D
6383,U+3FFF
6384,U+3F70
6385,U+76AF
6386,U+3FEA
6387,U+3FEE
6388,U+3FED
6389,U+3FF9
6390,U+3FEF
6391,U+3FF0
6392,U+3FF1
6393,U+76B5
6394,U+3FF3
6401,U+3FF4
6402,U+3FF7
6403,U+3FF8
6404,U+76BD
6405,U+7679
6406,U+4086
6407,U+4088
6408,U+77DE
6409,U+77E0
6410,U+4089
6411,U+408C
6412,U+408D
6413,U+408E
6414,U+77E1
6415,U+43A2
6416,U+8023
6417,U+801D
6418,U+3F0D
6419,U+801A
6420,U+801B
6421,U+43A4
6422,U+802B
6423,U+43A8
6424,U+43AA
6425,U+43A7
6426,U+43A6
6427,U+43AB
6428,U+43AD
6429,U+43AF
6430,U+43AE
6431,U+8030
6432,U+8032
6433,U+4CD3
6434,U+8007
6435,U+8034
6436,U+43B2
6437,U+5235
6438,U+803A
6439,U+803E
6440,U+6BE6
6441,U+8045
6442,U+8049
6443,U+8050
6444,U+8051
6445,U+804F
6446,U+8057
6447,U+43B7
6448,U+804E
6449,U+8055
6450,U+8059
6451,U+43BA
6452,U+43BC
6453,U+43C0
6454,U+8065
6455,U+8064
6456,U+43C3
6457,U+43C6
6458,U+43C5
6459,U+807B
6460,U+43C4
6461,U+46D7
6462,U+4599
6463,U+8982
6464,U+8985
6465,U+42B2
6466,U+800F
6467,U+43A0
6468,U+43A1
6469,U+4AB4
6470,U+4AB3
6471,U+4AB9
6472,U+9815
6473,U+9814
6474,U+4ABE
6475,U+4AB7
6476,U+4ABC
6477,U+4ABB
6478,U+4AC6
6479,U+9864
6480,U+986A
6481,U+9857
6482,U+9832
6483,U+3BCB
6484,U+9820
6485,U+71B2
6486,U+9829
6487,U+981E
6488,U+4AEE
6489,U+4ADF
6490,U+9869
6491,U+982F
6492,U+4AC4
6493,U+9835
6494,U+4ACC
6501,U+9845
6502,U+4AE9
6503,U+4AD4
6504,U+4AD6
6505,U+9851
6506,U+9852
6507,U+4AD8
6508,U+4AED
6509,U+4ADC
6510,U+4ADB
6511,U+4AD7
6512,U+4AE8
6513,U+985C
6514,U+4AE6
6515,U+4AE7
6516,U+4AE2
6517,U+4AE0
6518,U+4ADE
6519,U+4AE1
6520,U+986E
6521,U+9860
6522,U+4AEA
6523,U+9861
6524,U+985F
6525,U+4AEC
6526,U+4AEF
6527,U+4AF0
6528,U+7E87
6529,U+4AF4
6530,U+4AF2
6531,U+4AF5
6532,U+9872
6533,U+81F8
6534,U+4589
6535,U+8C66
6536,U+8661
6537,U+96D0
6538,U+4597
6539,U+9B33
6540,U+458A
6541,U+8653
6542,U+4B0C
6543,U+8666
6544,U+4594
6545,U+751D
6546,U+8663
6547,U+8664
6548,U+4598
6549,U+8669
6550,U+866A
6551,U+8670
6552,U+8677
6553,U+8676
6554,U+8678
6555,U+8801
6556,U+869F
6557,U+8688
6558,U+8696
6559,U+8691
6560,U+86B7
6561,U+45A2
6562,U+869B
6563,U+869A
6564,U+45E5
6565,U+8726
6566,U+8699
6567,U+868F
6568,U+86A2
6569,U+8684
6570,U+8697
6571,U+45C3
6572,U+45FB
6573,U+86BB
6574,U+45A8
6575,U+86B2
6576,U+8740
6577,U+86C5
6578,U+8826
6579,U+45AC
6580,U+87D9
6581,U+86B9
6582,U+86AE
6583,U+86B8
6584,U+86B3
6585,U+86BC
6586,U+86BF
6587,U+45FF
6588,U+45A9
6589,U+45A6
6590,U+86C1
6591,U+86BE
6592,U+880C
6593,U+86F5
6594,U+86EA
6601,U+45AF
6602,U+86E3
6603,U+86E8
6604,U+86DA
6605,U+86E6
6606,U+87F7
6607,U+87DC
6608,U+86EB
6609,U+45B2
6610,U+86D2
6611,U+86E5
6612,U+86E2
6613,U+45AD
6614,U+45B3
6615,U+87F3
6616,U+86DD
6617,U+86E1
6618,U+45EF
6619,U+45BC
6620,U+8739
6621,U+87E7
6622,U+8705
6623,U+86D6
6624,U+870C
6625,U+870E
6626,U+870F
6627,U+45B7
6628,U+874D
6629,U+871D
6630,U+45C1
6631,U+8720
6632,U+45BF
6633,U+873C
6634,U+45C4
6635,U+8730
6636,U+872A
6637,U+45C7
6638,U+87C2
6639,U+871F
6640,U+45D2
6641,U+45CA
6642,U+45C6
6643,U+87E6
6644,U+87AE
6645,U+8758
6646,U+8772
6647,U+8752
6648,U+876D
6649,U+8796
6650,U+8769
6651,U+8735
6652,U+879D
6653,U+45D4
6654,U+45D3
6655,U+460E
6656,U+87BF
6657,U+874F
6658,U+45D0
6659,U+8756
6660,U+8751
6661,U+875A
6662,U+875D
6663,U+879C
6664,U+45DA
6665,U+45D7
6666,U+45DB
6667,U+8794
6668,U+878C
6669,U+8787
6670,U+8789
6671,U+8800
6672,U+87A0
6673,U+878A
6674,U+879B
6675,U+8819
6676,U+879A
6677,U+45E1
6678,U+8828
6679,U+45E9
6680,U+87DE
6681,U+87C3
6682,U+87C5
6683,U+45E4
6684,U+87B0
6685,U+45E0
6686,U+87BE
6687,U+87B2
6688,U+87B1
6689,U+87C9
6690,U+45FD
6691,U+87E2
6692,U+87F4
6693,U+87EB
6694,U+87E9
6701,U+87DF
6702,U+45F1
6703,U+87D4
6704,U+45F4
6705,U+883E
6706,U+87E4
6707,U+8809
6708,U+880B
6709,U+87FA
6710,U+45F7
6711,U+45F8
6712,U+8818
6713,U+881A
6714,U+45FC
6715,U+8817
6716,U+4603
6717,U+8838
6718,U+882E
6719,U+8830
6720,U+8837
6721,U+8835
6722,U+80D4
6723,U+34E1
6724,U+4342
6725,U+4347
6726,U+7F43
6727,U+7F4F
6728,U+4349
6729,U+7F3F
6730,U+434A
6731,U+434B
6732,U+434E
6733,U+7F4D
6734,U+8211
6735,U+9822
6736,U+8215
6737,U+445C
6738,U+7AFB
6739,U+7B0E
6740,U+4251
6741,U+7BFF
6742,U+41DD
6743,U+7B6B
6744,U+7B0D
6745,U+7B12
6746,U+41D7
6747,U+41DC
6748,U+7B09
6749,U+7B10
6750,U+424C
6751,U+7B16
6752,U+4276
6753,U+41DE
6754,U+41E2
6755,U+7B18
6756,U+7C5A
6757,U+7B21
6758,U+7B1A
6759,U+41E6
6760,U+7B2D
6761,U+7BD8
6762,U+7C4B
6763,U+7B22
6764,U+7B30
6765,U+7B2F
6766,U+7B32
6767,U+41E7
6768,U+7B6C
6769,U+7C39
6770,U+41E9
6771,U+7B65
6772,U+7B43
6773,U+4245
6774,U+41EC
6775,U+7B73
6776,U+7B48
6777,U+4266
6778,U+7C25
6779,U+7B55
6780,U+7B44
6781,U+41E8
6782,U+7B3F
6783,U+4267
6784,U+7B4A
6785,U+4202
6786,U+7C1C
6787,U+7B4E
6788,U+7BB9
6789,U+41F0
6790,U+7B6D
6791,U+7BE2
6792,U+7C29
6793,U+41EB
6794,U+7B82
6801,U+41FD
6802,U+7B78
6803,U+41F8
6804,U+7BD4
6805,U+7B63
6806,U+7B70
6807,U+7B5F
6808,U+41F6
6809,U+4200
6810,U+7BE0
6811,U+7B64
6812,U+41FB
6813,U+422B
6814,U+7B83
6815,U+7B96
6816,U+7BA3
6817,U+7B91
6818,U+7B98
6819,U+7B84
6820,U+4208
6821,U+426C
6822,U+7B81
6823,U+4209
6824,U+420D
6825,U+7B8A
6826,U+420C
6827,U+4203
6828,U+7B88
6829,U+4206
6830,U+7C59
6831,U+4272
6832,U+7B9B
6833,U+423A
6834,U+420B
6835,U+7BC8
6836,U+4223
6837,U+7BB6
6838,U+420F
6839,U+4250
6840,U+421B
6841,U+7BB5
6842,U+7BBE
6843,U+4215
6844,U+7BCE
6845,U+7BBF
6846,U+4213
6847,U+7BC5
6848,U+7BCD
6849,U+7BBD
6850,U+7BAF
6851,U+422D
6852,U+421C
6853,U+4217
6854,U+4220
6855,U+4226
6856,U+4221
6857,U+4243
6858,U+7BCA
6859,U+4210
6860,U+4271
6861,U+7BC3
6862,U+421D
6863,U+7BE8
6864,U+424A
6865,U+4222
6866,U+421A
6867,U+422F
6868,U+422A
6869,U+7C35
6870,U+4233
6871,U+7C5B
6872,U+7C09
6873,U+7BDF
6874,U+7BD7
6875,U+4232
6876,U+4231
6877,U+7BD6
6878,U+7BF0
6879,U+422E
6880,U+7BE3
6881,U+4236
6882,U+423F
6883,U+7BDC
6884,U+7C0A
6885,U+4241
6886,U+7C15
6887,U+423E
6888,U+7BFB
6889,U+7C0E
6890,U+4242
6891,U+425A
6892,U+7C03
6893,U+7C01
6894,U+423B
6901,U+4238
6902,U+423C
6903,U+7C1B
6904,U+4248
6905,U+4253
6906,U+7C20
6907,U+7C1D
6908,U+4257
6909,U+4263
6910,U+425B
6911,U+7C63
6912,U+4255
6913,U+7C36
6914,U+424B
6915,U+7C33
6916,U+7C48
6917,U+425E
6918,U+7C54
6919,U+7C3A
6920,U+7C66
6921,U+4273
6922,U+7C4A
6923,U+4268
6924,U+7C53
6925,U+426D
6926,U+7C67
6927,U+7C6B
6928,U+4278
6929,U+7C5E
6930,U+7C65
6931,U+4274
6932,U+7C6F
6933,U+4D75
6934,U+81FF
6935,U+4454
6936,U+4CD4
6937,U+4286
6938,U+4458
6939,U+4456
6940,U+90CB
6941,U+4AC1
6942,U+81F1
6943,U+8841
6944,U+8848
6945,U+8849
6946,U+4613
6947,U+90CD
6948,U+8220
6949,U+4460
6950,U+4462
6951,U+4465
6952,U+4461
6953,U+8226
6954,U+4473
6955,U+8225
6956,U+826D
6957,U+823A
6958,U+8232
6959,U+9D43
6960,U+447C
6961,U+823C
6962,U+446C
6963,U+823D
6964,U+8269
6965,U+446B
6966,U+4387
6967,U+4470
6968,U+8246
6969,U+4471
6970,U+4488
6971,U+8253
6972,U+8252
6973,U+8250
6974,U+447B
6975,U+8256
6976,U+825B
6977,U+8251
6978,U+447D
6979,U+8255
6980,U+4480
6981,U+4485
6982,U+447F
6983,U+4481
6984,U+4486
6985,U+4487
6986,U+4489
6987,U+826C
6988,U+448A
6989,U+448B
6990,U+8275
6991,U+448E
6992,U+448D
6993,U+448C
6994,U+448F
7001,U+4490
7002,U+4D92
7003,U+9F4C
7004,U+892E
7005,U+88FB
7006,U+8927
7007,U+893D
7008,U+461D
7009,U+8871
7010,U+886D
7011,U+8918
7012,U+897C
7013,U+887C
7014,U+4654
7015,U+8875
7016,U+8876
7017,U+8878
7018,U+4655
7019,U+886F
7020,U+8873
7021,U+8880
7022,U+4622
7023,U+8874
7024,U+461F
7025,U+88AA
7026,U+88A3
7027,U+4624
7028,U+8894
7029,U+888F
7030,U+88A5
7031,U+8971
7032,U+88A9
7033,U+8893
7034,U+4625
7035,U+88A1
7036,U+8898
7037,U+889D
7038,U+8897
7039,U+888A
7040,U+889B
7041,U+88A7
7042,U+88A8
7043,U+8895
7044,U+8889
7045,U+4626
7046,U+88A6
7047,U+8891
7048,U+894F
7049,U+8957
7050,U+88BF
7051,U+88BA
7052,U+88B9
7053,U+88BB
7054,U+88B8
7055,U+4664
7056,U+4623
7057,U+88C0
7058,U+88BE
7059,U+4630
7060,U+8958
7061,U+88B3
7062,U+4628
7063,U+462A
7064,U+890C
7065,U+895B
7066,U+88BD
7067,U+88D3
7068,U+88CB
7069,U+88F2
7070,U+8979
7071,U+88D6
7072,U+462F
7073,U+4637
7074,U+465F
7075,U+88DE
7076,U+8940
7077,U+88FF
7078,U+88FA
7079,U+463D
7080,U+88EF
7081,U+4638
7082,U+4639
7083,U+463B
7084,U+88F7
7085,U+894C
7086,U+463E
7087,U+463C
7088,U+463F
7089,U+8942
7090,U+4636
7091,U+890B
7092,U+8914
7093,U+4645
7094,U+4643
7101,U+4647
7102,U+8906
7103,U+4661
7104,U+890D
7105,U+4644
7106,U+8908
7107,U+88EB
7108,U+4649
7109,U+8915
7110,U+8911
7111,U+8928
7112,U+4646
7113,U+8916
7114,U+8920
7115,U+464F
7116,U+4650
7117,U+891F
7118,U+464E
7119,U+892F
7120,U+8926
7121,U+893F
7122,U+893E
7123,U+4658
7124,U+8952
7125,U+466C
7126,U+8937
7127,U+8950
7128,U+4663
7129,U+896D
7130,U+893C
7131,U+894B
7132,U+4660
7133,U+8946
7134,U+894A
7135,U+894E
7136,U+8974
7137,U+895A
7138,U+4662
7139,U+8948
7140,U+4666
7141,U+8961
7142,U+895C
7143,U+8963
7144,U+896B
7145,U+896E
7146,U+8976
7147,U+8973
7148,U+4377
7149,U+4368
7150,U+437D
7151,U+7F92
7152,U+7F96
7153,U+7F9C
7154,U+7F93
7155,U+436C
7156,U+436B
7157,U+7FA0
7158,U+4370
7159,U+436E
7160,U+436F
7161,U+4375
7162,U+4371
7163,U+7FA6
7164,U+4373
7165,U+7FAC
7166,U+7FAD
7167,U+4378
7168,U+7FB1
7169,U+437A
7170,U+437C
7171,U+437B
7172,U+7F91
7173,U+7F95
7174,U+7F9B
7175,U+427A
7176,U+7C77
7177,U+7C79
7178,U+7CC3
7179,U+7C94
7180,U+7C86
7181,U+7CBB
7182,U+7C88
7183,U+427E
7184,U+7CA3
7185,U+4282
7186,U+982A
7187,U+7CA1
7188,U+4283
7189,U+42AD
7190,U+428E
7191,U+4297
7192,U+7CC4
7193,U+7CD4
7194,U+429F
7201,U+7CD2
7202,U+7CD1
7203,U+429E
7204,U+42A6
7205,U+42A4
7206,U+7CE3
7207,U+7CEB
7208,U+42AB
7209,U+42AC
7210,U+7CEA
7211,U+7CF5
7212,U+42B1
7213,U+884B
7214,U+4AC0
7215,U+827B
7216,U+8289
7217,U+8290
7218,U+85C7
7219,U+8285
7220,U+4497
7221,U+8283
7222,U+4496
7223,U+8286
7224,U+44A0
7225,U+82A3
7226,U+84F2
7227,U+82C9
7228,U+829A
7229,U+82BC
7230,U+82BA
7231,U+82A2
7232,U+83D5
7233,U+847B
7234,U+82B6
7235,U+82A0
7236,U+82C0
7237,U+853F
7238,U+449E
7239,U+829B
7240,U+44A1
7241,U+4539
7242,U+82A7
7243,U+44A7
7244,U+82EA
7245,U+82DD
7246,U+862C
7247,U+82D6
7248,U+8408
7249,U+82FC
7250,U+82F5
7251,U+82F2
7252,U+82E9
7253,U+82F6
7254,U+85BE
7255,U+82D9
7256,U+85B4
7257,U+8313
7258,U+82FE
7259,U+82E8
7260,U+8300
7261,U+82F0
7262,U+85B1
7263,U+8319
7264,U+8356
7265,U+8341
7266,U+8326
7267,U+834B
7268,U+8598
7269,U+8322
7270,U+84FB
7271,U+834E
7272,U+8596
7273,U+44C9
7274,U+832E
7275,U+8492
7276,U+4507
7277,U+8434
7278,U+44BD
7279,U+8320
7280,U+8345
7281,U+842F
7282,U+8348
7283,U+8316
7284,U+8324
7285,U+8344
7286,U+8353
7287,U+8321
7288,U+850E
7289,U+44B2
7290,U+85B5
7291,U+837A
7292,U+457E
7293,U+831D
7294,U+8395
7301,U+44CA
7302,U+44E3
7303,U+83A4
7304,U+8374
7305,U+8379
7306,U+84FE
7307,U+83A6
7308,U+8372
7309,U+83A1
7310,U+44C3
7311,U+8382
7312,U+8394
7313,U+838B
7314,U+839D
7315,U+839F
7316,U+44C4
7317,U+83A5
7318,U+84E7
7319,U+44C2
7320,U+83A3
7321,U+8551
7322,U+838C
7323,U+85ED
7324,U+8399
7325,U+8371
7326,U+8375
7327,U+845D
7328,U+837E
7329,U+84B3
7330,U+84B6
7331,U+83F6
7332,U+83FE
7333,U+83C6
7334,U+83FB
7335,U+85DA
7336,U+44EB
7337,U+8410
7338,U+83E2
7339,U+83C8
7340,U+8600
7341,U+852A
7342,U+83FF
7343,U+44EC
7344,U+8400
7345,U+85D6
7346,U+83CB
7347,U+83D2
7348,U+83F5
7349,U+44D9
7350,U+83DE
7351,U+83C2
7352,U+44DA
7353,U+83F3
7354,U+44ED
7355,U+44D8
7356,U+83E7
7357,U+8412
7358,U+83FC
7359,U+83ED
7360,U+44DE
7361,U+83FA
7362,U+455B
7363,U+44DB
7364,U+4573
7365,U+8518
7366,U+44DD
7367,U+44E0
7368,U+44EF
7369,U+8561
7370,U+8467
7371,U+844D
7372,U+847D
7373,U+8430
7374,U+8474
7375,U+44F4
7376,U+8440
7377,U+8437
7378,U+8480
7379,U+8443
7380,U+84C7
7381,U+8429
7382,U+842A
7383,U+84C3
7384,U+845F
7385,U+842D
7386,U+844E
7387,U+44F3
7388,U+842E
7389,U+847C
7390,U+8450
7391,U+8444
7392,U+8442
7393,U+846A
7394,U+8479
7401,U+4561
7402,U+84BE
7403,U+8465
7404,U+8453
7405,U+843F
7406,U+8456
7407,U+8439
7408,U+8507
7409,U+845E
7410,U+847F
7411,U+84A2
7412,U+44F8
7413,U+8448
7414,U+8447
7415,U+44EE
7416,U+855D
7417,U+8496
7418,U+84AA
7419,U+849D
7420,U+84EB
7421,U+85D8
7422,U+85E3
7423,U+450F
7424,U+84A8
7425,U+84E8
7426,U+84A6
7427,U+84A0
7428,U+84CF
7429,U+84CC
7430,U+4504
7431,U+8586
7432,U+84B5
7433,U+84A5
7434,U+4582
7435,U+84D8
7436,U+858B
7437,U+8500
7438,U+849F
7439,U+85A0
7440,U+44FE
7441,U+85B2
7442,U+4502
7443,U+4517
7444,U+84C2
7445,U+84BB
7446,U+44FC
7447,U+84E9
7448,U+8527
7449,U+4575
7450,U+451C
7451,U+4520
7452,U+84F8
7453,U+8508
7454,U+452A
7455,U+84F5
7456,U+84F7
7457,U+452C
7458,U+8502
7459,U+84F6
7460,U+8621
7461,U+8528
7462,U+4518
7463,U+4554
7464,U+4515
7465,U+854F
7466,U+851B
7467,U+8501
7468,U+850F
7469,U+451E
7470,U+850A
7471,U+8524
7472,U+453A
7473,U+856F
7474,U+8554
7475,U+452E
7476,U+8540
7477,U+452F
7478,U+4538
7479,U+4536
7480,U+4531
7481,U+453E
7482,U+4541
7483,U+85A1
7484,U+856E
7485,U+8581
7486,U+8567
7487,U+8563
7488,U+8542
7489,U+4547
7490,U+856B
7491,U+453F
7492,U+8570
7493,U+854D
7494,U+452D
7501,U+8578
7502,U+8503
7503,U+4534
7504,U+4545
7505,U+4532
7506,U+4544
7507,U+85B3
7508,U+454B
7509,U+4546
7510,U+85FE
7511,U+85BD
7512,U+454E
7513,U+8557
7514,U+8590
7515,U+4548
7516,U+8582
7517,U+858D
7518,U+859D
7519,U+85A2
7520,U+454A
7521,U+8595
7522,U+8583
7523,U+4559
7524,U+7E64
7525,U+4822
7526,U+455D
7527,U+85D1
7528,U+85BF
7529,U+96D8
7530,U+85C3
7531,U+85B8
7532,U+4553
7533,U+85CB
7534,U+7207
7535,U+8649
7536,U+85DE
7537,U+85DF
7538,U+4567
7539,U+85E0
7540,U+85F3
7541,U+85E6
7542,U+85E8
7543,U+85D9
7544,U+85EB
7545,U+456D
7546,U+457F
7547,U+8623
7548,U+4569
7549,U+8609
7550,U+4572
7551,U+4570
7552,U+8633
7553,U+8619
7554,U+8626
7555,U+862E
7556,U+860C
7557,U+8625
7558,U+8618
7559,U+4577
7560,U+862A
7561,U+352E
7562,U+4580
7563,U+4579
7564,U+4583
7565,U+4586
7566,U+864B
7567,U+7FBE
7568,U+7FC3
7569,U+6BE3
7570,U+7FC2
7571,U+4392
7572,U+4395
7573,U+7FC9
7574,U+4380
7575,U+7FC8
7576,U+4383
7577,U+7FD0
7578,U+7FCF
7579,U+7FD1
7580,U+4382
7581,U+7FCB
7582,U+4384
7583,U+7FDC
7584,U+7FFD
7585,U+438A
7586,U+7FEC
7587,U+7FFF
7588,U+438E
7589,U+438C
7590,U+7FE3
7591,U+4391
7592,U+4393
7593,U+7FE8
7594,U+7FED
7601,U+4394
7602,U+7FEF
7603,U+7FFE
7604,U+439A
7605,U+7D6D
7606,U+42E4
7607,U+42E2
7608,U+42F0
7609,U+42F7
7610,U+7E0F
7611,U+7E44
7612,U+4318
7613,U+430E
7614,U+7E60
7615,U+4320
7616,U+7E74
7617,U+42B5
7618,U+7D03
7619,U+4317
7620,U+7E33
7621,U+7D11
7622,U+7D18
7623,U+42CC
7624,U+42BA
7625,U+7D1D
7626,U+7D12
7627,U+7D1F
7628,U+42BB
7629,U+7D35
7630,U+7D1E
7631,U+7D16
7632,U+42D1
7633,U+42D0
7634,U+7E91
7635,U+431C
7636,U+7D2C
7637,U+7D29
7638,U+42CF
7639,U+7D41
7640,U+7D28
7641,U+7D3E
7642,U+7D37
7643,U+7D47
7644,U+7E85
7645,U+7D38
7646,U+42C9
7647,U+7D3D
7648,U+7D34
7649,U+7D53
7650,U+7D59
7651,U+7D60
7652,U+42F6
7653,U+7D8A
7654,U+7E2A
7655,U+7D70
7656,U+7D67
7657,U+7D7D
7658,U+7D51
7659,U+7D8E
7660,U+7D6C
7661,U+7E51
7662,U+7D96
7663,U+7D5F
7664,U+7D69
7665,U+42EB
7666,U+7D58
7667,U+7D6F
7668,U+7D63
7669,U+7DF7
7670,U+7DC9
7671,U+7E9A
7672,U+7E3A
7673,U+7D7F
7674,U+7E1C
7675,U+7DFA
7676,U+7D7A
7677,U+431E
7678,U+7D8C
7679,U+7D7C
7680,U+7D7B
7681,U+7D90
7682,U+7D84
7683,U+7D85
7684,U+42DF
7685,U+7DAA
7686,U+7DC8
7687,U+7DC5
7688,U+7DE2
7689,U+7D9D
7690,U+7DCE
7691,U+7E63
7692,U+7DC6
7693,U+7DCC
7694,U+42E9
7701,U+7DBC
7702,U+4310
7703,U+7DAF
7704,U+7DB7
7705,U+7E5F
7706,U+7DC2
7707,U+7DA9
7708,U+7D9F
7709,U+7E3F
7710,U+42FD
7711,U+7E19
7712,U+7DDB
7713,U+42FE
7714,U+7DFC
7715,U+42F5
7716,U+42FF
7717,U+7DED
7718,U+7E0E
7719,U+7DF0
7720,U+7DF5
7721,U+4330
7722,U+7E38
7723,U+7E13
7724,U+4308
7725,U+4333
7726,U+7E21
7727,U+7E6C
7728,U+7E40
7729,U+7E30
7730,U+7E29
7731,U+7E3C
7732,U+7E42
7733,U+432A
7734,U+7E2F
7735,U+430C
7736,U+7E71
7737,U+7E50
7738,U+7E5C
7739,U+7E78
7740,U+4335
7741,U+7E4F
7742,U+7E58
7743,U+7E72
7744,U+7E75
7745,U+7E76
7746,U+431F
7747,U+7E7B
7748,U+7E81
7749,U+7E80
7750,U+7E8B
7751,U+7E86
7752,U+432F
7753,U+432E
7754,U+7E95
7755,U+7E97
7756,U+4334
7757,U+4D2D
7758,U+4D2C
7759,U+9EB7
7760,U+4D30
7761,U+4D2F
7762,U+4D32
7763,U+4D3C
7764,U+9EAE
7765,U+4D34
7766,U+4D33
7767,U+4D31
7768,U+9EB0
7769,U+9EB3
7770,U+4D40
7771,U+4D39
7772,U+4D3B
7773,U+4D3D
7774,U+4D3A
7775,U+4D3E
7776,U+4D46
7777,U+47C7
7778,U+8D72
7779,U+4797
7780,U+8D78
7781,U+4798
7782,U+4799
7783,U+479A
7784,U+47D0
7785,U+8D7E
7786,U+8D7A
7787,U+47A3
7788,U+8D86
7789,U+47A4
7790,U+8D89
7791,U+47A5
7792,U+8DAC
7793,U+8D8E
7794,U+8DAB
7801,U+8D93
7802,U+47A6
7803,U+8D97
7804,U+8D96
7805,U+47C4
7806,U+8DA1
7807,U+8D9D
7808,U+47B4
7809,U+8D9C
7810,U+8DA2
7811,U+47B7
7812,U+47C3
7813,U+47BD
7814,U+47BE
7815,U+8DAA
7816,U+8DA9
7817,U+47C1
7818,U+8DAD
7819,U+47CA
7820,U+47C9
7821,U+47CB
7822,U+47CC
7823,U+8DAF
7824,U+47CD
7825,U+47D2
7826,U+8D6C
7827,U+8D68
7828,U+8D69
7829,U+4794
7830,U+8D6F
7831,U+4795
7832,U+5245
7833,U+90D6
7834,U+4734
7835,U+6BED
7836,U+3C2F
7837,U+4744
7838,U+8C4A
7839,U+4736
7840,U+4737
7841,U+4738
7842,U+473A
7843,U+473E
7844,U+473C
7845,U+4740
7846,U+8C4F
7847,U+4743
7848,U+4912
7849,U+48EA
7850,U+9155
7851,U+9153
7852,U+490C
7853,U+9158
7854,U+919F
7855,U+48EE
7856,U+915F
7857,U+4915
7858,U+91B1
7859,U+91B3
7860,U+48F2
7861,U+48F6
7862,U+48F9
7863,U+48F8
7864,U+91B2
7865,U+917A
7866,U+48FA
7867,U+48FB
7868,U+9173
7869,U+48FF
7870,U+4900
7871,U+9182
7872,U+48FD
7873,U+9180
7874,U+9184
7875,U+48FC
7876,U+9181
7877,U+91A6
7878,U+918A
7879,U+4902
7880,U+4901
7881,U+490A
7882,U+4905
7883,U+4903
7884,U+919D
7885,U+9193
7886,U+91A8
7887,U+4909
7888,U+4911
7889,U+4914
7890,U+91B0
7891,U+4910
7892,U+490F
7893,U+490E
7894,U+4913
7901,U+91B7
7902,U+91B9
7903,U+4916
7904,U+91BD
7905,U+91C2
7906,U+91BE
7907,U+4917
7908,U+4919
7909,U+48C5
7910,U+3C80
7911,U+8C56
7912,U+4745
7913,U+8C5C
7914,U+8C75
7915,U+4746
7916,U+8C5B
7917,U+8C5D
7918,U+8C60
7919,U+4748
7920,U+8C5E
7921,U+8C5F
7922,U+474D
7923,U+8C67
7924,U+8C68
7925,U+474A
7926,U+474B
7927,U+474C
7928,U+8C76
7929,U+474E
7930,U+8C6D
7931,U+4755
7932,U+8C72
7933,U+8C6F
7934,U+8C77
7935,U+4751
7936,U+4752
7937,U+9E76
7938,U+4D1A
7939,U+4D1B
7940,U+4D1D
7941,U+481F
7942,U+4820
7943,U+8E84
7944,U+8EA0
7945,U+47D3
7946,U+8E3C
7947,U+47D5
7948,U+47DB
7949,U+8DC2
7950,U+47DC
7951,U+4806
7952,U+8E1A
7953,U+8DBB
7954,U+47EA
7955,U+8DC0
7956,U+47D7
7957,U+47DD
7958,U+47D8
7959,U+8DBD
7960,U+8DB9
7961,U+8DC1
7962,U+47E9
7963,U+8DC7
7964,U+47E3
7965,U+8DD2
7966,U+8DD5
7967,U+8DD9
7968,U+8DC5
7969,U+8DC8
7970,U+8DC9
7971,U+47E1
7972,U+8DD4
7973,U+47E4
7974,U+47E8
7975,U+8E73
7976,U+8E82
7977,U+8DEE
7978,U+8DD0
7979,U+8DE9
7980,U+4829
7981,U+8DE6
7982,U+47EE
7983,U+8DE7
7984,U+8DF2
7985,U+8DED
7986,U+8DE2
7987,U+8DFF
7988,U+8E02
7989,U+47F7
7990,U+47F5
7991,U+8E04
7992,U+8E03
7993,U+8E3B
7994,U+47FB
8001,U+47F6
8002,U+47F9
8003,U+47F8
8004,U+8E06
8005,U+8E1C
8006,U+8E16
8007,U+8E43
8008,U+8E26
8009,U+8E15
8010,U+8E27
8011,U+4804
8012,U+4805
8013,U+8E12
8014,U+8E24
8015,U+8E25
8016,U+4824
8017,U+8E20
8018,U+47FF
8019,U+4808
8020,U+4807
8021,U+47FE
8022,U+8E33
8023,U+8E38
8024,U+481C
8025,U+8E5B
8026,U+8E45
8027,U+8E3E
8028,U+4811
8029,U+4810
8030,U+8E36
8031,U+8E6A
8032,U+4813
8033,U+480D
8034,U+4817
8035,U+4818
8036,U+481B
8037,U+8E53
8038,U+8E50
8039,U+4819
8040,U+8E4D
8041,U+4821
8042,U+8E5D
8043,U+8E62
8044,U+8E5C
8045,U+8E58
8046,U+8E7D
8047,U+8E68
8048,U+8E7E
8049,U+482D
8050,U+8E86
8051,U+8E88
8052,U+4828
8053,U+8E83
8054,U+482B
8055,U+482A
8056,U+482F
8057,U+8EA3
8058,U+8EA9
8059,U+9128
8060,U+9092
8061,U+9098
8062,U+90A7
8063,U+911F
8064,U+48B9
8065,U+90A0
8066,U+909F
8067,U+912C
8068,U+90A5
8069,U+90B2
8070,U+48BA
8071,U+90BD
8072,U+90BF
8073,U+90C6
8074,U+48BC
8075,U+90C0
8076,U+90D5
8077,U+90D8
8078,U+90D4
8079,U+90C8
8080,U+90C3
8081,U+48C0
8082,U+90C2
8083,U+90F1
8084,U+48BF
8085,U+9129
8086,U+90E3
8087,U+90D9
8088,U+90E0
8089,U+90DA
8090,U+90F2
8091,U+48C7
8092,U+48D4
8093,U+48C4
8094,U+90F0
8101,U+9100
8102,U+48CD
8103,U+90EA
8104,U+48CF
8105,U+90F3
8106,U+48CB
8107,U+9121
8108,U+90F9
8109,U+910B
8110,U+9105
8111,U+9107
8112,U+9103
8113,U+912E
8114,U+90FF
8115,U+9108
8116,U+911A
8117,U+9111
8118,U+910F
8119,U+48D7
8120,U+910C
8121,U+9110
8122,U+910D
8123,U+9120
8124,U+9124
8125,U+48D9
8126,U+9118
8127,U+48DD
8128,U+911D
8129,U+911B
8130,U+913B
8131,U+48E0
8132,U+48DF
8133,U+912B
8134,U+9138
8135,U+9135
8136,U+48E2
8137,U+913E
8138,U+9147
8139,U+9145
8140,U+48E4
8141,U+4835
8142,U+4834
8143,U+483D
8144,U+8EB4
8145,U+8EB8
8146,U+8EC3
8147,U+8EBD
8148,U+483C
8149,U+8EC1
8150,U+8EBF
8151,U+4840
8152,U+8FB5
8153,U+8FBF
8154,U+903F
8155,U+8FCB
8156,U+8FCD
8157,U+8FD2
8158,U+8FE3
8159,U+4891
8160,U+8FFC
8161,U+8FFE
8162,U+8FF5
8163,U+4894
8164,U+8FFF
8165,U+4893
8166,U+4896
8167,U+489A
8168,U+900E
8169,U+900C
8170,U+903D
8171,U+9034
8172,U+9033
8173,U+906A
8174,U+902B
8175,U+48A1
8176,U+9070
8177,U+904C
8178,U+9043
8179,U+9046
8180,U+9071
8181,U+9073
8182,U+905D
8183,U+906B
8184,U+906C
8185,U+48A7
8186,U+48AD
8187,U+9086
8188,U+9079
8189,U+907E
8190,U+9085
8191,U+48B2
8192,U+90E4
8193,U+8C39
8194,U+8C45
8201,U+8C3C
8202,U+472E
8203,U+4730
8204,U+4731
8205,U+8C43
8206,U+4732
8207,U+8C7B
8208,U+8C99
8209,U+8C7D
8210,U+4756
8211,U+8C7F
8212,U+475A
8213,U+8C86
8214,U+8C8F
8215,U+8C92
8216,U+8C91
8217,U+8C95
8218,U+4763
8219,U+4766
8220,U+4DB2
8221,U+4DB1
8222,U+89D8
8223,U+4697
8224,U+89DD
8225,U+89FB
8226,U+89F7
8227,U+46A8
8228,U+89E2
8229,U+89DF
8230,U+4699
8231,U+46A9
8232,U+89E1
8233,U+469E
8234,U+89E9
8235,U+89EA
8236,U+89ED
8237,U+46A0
8238,U+89EC
8239,U+469C
8240,U+469D
8241,U+46A2
8242,U+89F1
8243,U+46A3
8244,U+46A1
8245,U+46A5
8246,U+46A7
8247,U+46AB
8248,U+89FA
8249,U+46AD
8250,U+89FF
8251,U+8A04
8252,U+8B0D
8253,U+8B3A
8254,U+8B37
8255,U+4710
8256,U+8B65
8257,U+8A0F
8258,U+4715
8259,U+8A0B
8260,U+8A11
8261,U+8AF9
8262,U+8A12
8263,U+8A0D
8264,U+8A2E
8265,U+46B6
8266,U+8B55
8267,U+8A28
8268,U+8A2C
8269,U+8A32
8270,U+8A1E
8271,U+8A22
8272,U+46C0
8273,U+46B7
8274,U+8A29
8275,U+46BF
8276,U+8A5D
8277,U+8AD3
8278,U+8A53
8279,U+8A4D
8280,U+8A39
8281,U+8A40
8282,U+8A47
8283,U+8A57
8284,U+8A44
8285,U+8A38
8286,U+8A45
8287,U+46C7
8288,U+46CC
8289,U+8A4A
8290,U+46CE
8291,U+8A51
8292,U+46CF
8293,U+46CD
8294,U+8A5C
8301,U+8A56
8302,U+8A99
8303,U+46E9
8304,U+46DF
8305,U+8B4A
8306,U+8A3F
8307,U+8A77
8308,U+8A94
8309,U+8B51
8310,U+46D9
8311,U+46D8
8312,U+8A6F
8313,U+8B6E
8314,U+8A65
8315,U+8A82
8316,U+8A7B
8317,U+8A83
8318,U+471E
8319,U+8A68
8320,U+8A81
8321,U+8A6A
8322,U+8B78
8323,U+8B9D
8324,U+470E
8325,U+8AA7
8326,U+8A8E
8327,U+46E0
8328,U+8ABA
8329,U+8B30
8330,U+46DE
8331,U+46E3
8332,U+8AE3
8333,U+8A97
8334,U+46E2
8335,U+8A90
8336,U+46E5
8337,U+8B63
8338,U+8A9B
8339,U+8A8B
8340,U+46DD
8341,U+8A9C
8342,U+8AC6
8343,U+8ACE
8344,U+8AC3
8345,U+46F3
8346,U+8AD4
8347,U+8AD5
8348,U+8AB7
8349,U+8AC8
8350,U+8ABD
8351,U+46F2
8352,U+8AC0
8353,U+46EC
8354,U+8B85
8355,U+8AB3
8356,U+8AB8
8357,U+8B32
8358,U+8AC1
8359,U+8AFD
8360,U+8AF2
8361,U+8AF4
8362,U+8AFF
8363,U+470B
8364,U+8AF0
8365,U+8AEF
8366,U+46FD
8367,U+8B0F
8368,U+8AFB
8369,U+8B09
8370,U+8B31
8371,U+8ADD
8372,U+46F9
8373,U+8B38
8374,U+8B98
8375,U+46FF
8376,U+8B1C
8377,U+4702
8378,U+8B1F
8379,U+8B11
8380,U+8B0B
8381,U+8B1E
8382,U+8B27
8383,U+8B06
8384,U+4709
8385,U+8B24
8386,U+8B47
8387,U+8B23
8388,U+8B2F
8389,U+8B3B
8390,U+8B40
8391,U+8B94
8392,U+8B35
8393,U+8B89
8394,U+8B57
8401,U+4712
8402,U+8B62
8403,U+4704
8404,U+4717
8405,U+8B5E
8406,U+471A
8407,U+8B64
8408,U+8B60
8409,U+8B67
8410,U+8B69
8411,U+8B73
8412,U+471C
8413,U+4719
8414,U+8B82
8415,U+8B7A
8416,U+8B45
8417,U+471D
8418,U+4721
8419,U+8B8C
8420,U+8B91
8421,U+8B97
8422,U+3C94
8423,U+9D84
8424,U+9758
8425,U+4A3C
8426,U+4BA7
8427,U+8792
8428,U+96F1
8429,U+4A34
8430,U+4A11
8431,U+4A0F
8432,U+4A15
8433,U+9723
8434,U+9705
8435,U+9702
8436,U+9719
8437,U+4A1B
8438,U+4A24
8439,U+4A1A
8440,U+4A21
8441,U+4A23
8442,U+4A1E
8443,U+9721
8444,U+4A25
8445,U+9724
8446,U+9726
8447,U+972B
8448,U+9735
8449,U+972E
8450,U+973F
8451,U+4A32
8452,U+9743
8453,U+5255
8454,U+595C
8455,U+4A3D
8456,U+5A53
8457,U+4A3F
8458,U+68D0
8459,U+7306
8460,U+3E43
8461,U+975F
8462,U+9925
8463,U+4A41
8464,U+9F55
8465,U+4D99
8466,U+9F56
8467,U+9F57
8468,U+9F58
8469,U+4D96
8470,U+4D95
8471,U+4D97
8472,U+9F5E
8473,U+9F5A
8474,U+9F7A
8475,U+4D98
8476,U+9F5D
8477,U+4D9B
8478,U+4D9D
8479,U+4DA3
8480,U+4DA9
8481,U+9F64
8482,U+9F73
8483,U+4DAB
8484,U+4D9C
8485,U+9F71
8486,U+9F6E
8487,U+9F6F
8488,U+4DA2
8489,U+9F75
8490,U+4DA4
8491,U+9F74
8492,U+9F7B
8493,U+9F7E
8494,U+9F7D
8501,U+9F7C
8502,U+9133
8503,U+4D76
8504,U+4D78
8505,U+9F06
8506,U+96CA
8507,U+49F7
8508,U+9840
8509,U+4A08
8510,U+961E
8511,U+9624
8512,U+962B
8513,U+9630
8514,U+962D
8515,U+9637
8516,U+9639
8517,U+963A
8518,U+49C1
8519,U+49C2
8520,U+964F
8521,U+9651
8522,U+9653
8523,U+49C5
8524,U+9691
8525,U+96AE
8526,U+49C7
8527,U+9659
8528,U+49D2
8529,U+49C9
8530,U+49CE
8531,U+49CA
8532,U+965A
8533,U+966D
8534,U+9687
8535,U+967E
8536,U+96A4
8537,U+9683
8538,U+969E
8539,U+9692
8540,U+49DD
8541,U+96A9
8542,U+49EA
8543,U+49F0
8544,U+49EF
8545,U+92FB
8546,U+9290
8547,U+494D
8548,U+92C6
8549,U+92B4
8550,U+92EC
8551,U+944B
8552,U+934C
8553,U+9416
8554,U+91EA
8555,U+91ED
8556,U+91F1
8557,U+91F4
8558,U+91F3
8559,U+9212
8560,U+935A
8561,U+91F0
8562,U+91E5
8563,U+9203
8564,U+9207
8565,U+93C2
8566,U+92E7
8567,U+92F9
8568,U+920B
8569,U+93E6
8570,U+9300
8571,U+9220
8572,U+9202
8573,U+920A
8574,U+920C
8575,U+920F
8576,U+9265
8577,U+9468
8578,U+926E
8579,U+9242
8580,U+923B
8581,U+924E
8582,U+923C
8583,U+9252
8584,U+9261
8585,U+944F
8586,U+4971
8587,U+922F
8588,U+93FA
8589,U+92DE
8590,U+9236
8591,U+9267
8592,U+9276
8593,U+92A1
8594,U+9277
8601,U+92E9
8602,U+930F
8603,U+928A
8604,U+9294
8605,U+9299
8606,U+928D
8607,U+9275
8608,U+942C
8609,U+929B
8610,U+9408
8611,U+92CB
8612,U+928B
8613,U+9297
8614,U+4928
8615,U+492A
8616,U+4925
8617,U+9279
8618,U+927C
8619,U+927E
8620,U+92CD
8621,U+92C0
8622,U+92E0
8623,U+92B6
8624,U+92DC
8625,U+92D7
8626,U+92C2
8627,U+9431
8628,U+92CA
8629,U+92E1
8630,U+92D0
8631,U+9348
8632,U+9321
8633,U+4936
8634,U+933D
8635,U+93E9
8636,U+4935
8637,U+9461
8638,U+92FD
8639,U+942A
8640,U+9329
8641,U+932A
8642,U+9317
8643,U+930D
8644,U+9455
8645,U+931C
8646,U+930E
8647,U+931E
8648,U+930A
8649,U+9325
8650,U+9327
8651,U+92FA
8652,U+9311
8653,U+93D2
8654,U+9323
8655,U+93C6
8656,U+9314
8657,U+943C
8658,U+9356
8659,U+9371
8660,U+939D
8661,U+493B
8662,U+935D
8663,U+9374
8664,U+9351
8665,U+9360
8666,U+493C
8667,U+936D
8668,U+936E
8669,U+9367
8670,U+9357
8671,U+9366
8672,U+9388
8673,U+93A1
8674,U+9391
8675,U+939B
8676,U+4944
8677,U+9462
8678,U+9482
8679,U+93C5
8680,U+939E
8681,U+9390
8682,U+9393
8683,U+4942
8684,U+4940
8685,U+93CF
8686,U+942F
8687,U+9404
8688,U+4955
8689,U+93D9
8690,U+93F0
8691,U+93D3
8692,U+940C
8693,U+93D0
8694,U+495B
8701,U+4957
8702,U+93FE
8703,U+93F8
8704,U+9415
8705,U+940E
8706,U+494F
8707,U+9407
8708,U+93FB
8709,U+940F
8710,U+9483
8711,U+940D
8712,U+9480
8713,U+943B
8714,U+9430
8715,U+9436
8716,U+495D
8717,U+9434
8718,U+9456
8719,U+9450
8720,U+9458
8721,U+4970
8722,U+945E
8723,U+9471
8724,U+9474
8725,U+4C32
8726,U+9B5D
8727,U+9B5B
8728,U+9B5F
8729,U+9C6E
8730,U+9B60
8731,U+4C34
8732,U+9B62
8733,U+4C37
8734,U+9C44
8735,U+4C3D
8736,U+9C38
8737,U+9B68
8738,U+9B6E
8739,U+9B71
8740,U+4C3B
8741,U+9B6C
8742,U+9B6A
8743,U+9BE9
8744,U+4C3C
8745,U+9B75
8746,U+9B67
8747,U+9B6B
8748,U+4C3E
8749,U+9B63
8750,U+9B87
8751,U+4C45
8752,U+9B7C
8753,U+4C41
8754,U+9B7A
8755,U+9B7E
8756,U+9B7B
8757,U+9B8B
8758,U+4C40
8759,U+9B82
8760,U+9B93
8761,U+9B8A
8762,U+9B7F
8763,U+9BA3
8764,U+9B88
8765,U+9C73
8766,U+9B80
8767,U+9B85
8768,U+9B84
8769,U+9B8D
8770,U+9C4D
8771,U+4C42
8772,U+9BB3
8773,U+4C4E
8774,U+9BAC
8775,U+9BA4
8776,U+4C80
8777,U+9BA7
8778,U+9B9B
8779,U+9B86
8780,U+9C24
8781,U+9BA6
8782,U+9C65
8783,U+9BB0
8784,U+9C02
8785,U+4C53
8786,U+9C4E
8787,U+9BC5
8788,U+9B9C
8789,U+9C60
8790,U+9BA1
8791,U+9BA0
8792,U+9BA8
8793,U+9BA5
8794,U+4C62
8801,U+9BA9
8802,U+4C4A
8803,U+9B9F
8804,U+9BBF
8805,U+4C4C
8806,U+9BC6
8807,U+4C57
8808,U+9BB9
8809,U+4C58
8810,U+4C55
8811,U+4C93
8812,U+4C50
8813,U+9BB8
8814,U+9BB6
8815,U+9BD2
8816,U+9C3F
8817,U+4C85
8818,U+9BE5
8819,U+9BD5
8820,U+4C5C
8821,U+4C5B
8822,U+4C5E
8823,U+4C59
8824,U+4C65
8825,U+9BDA
8826,U+4C5D
8827,U+4C64
8828,U+9BEE
8829,U+9C50
8830,U+9BDE
8831,U+4C5A
8832,U+4C5F
8833,U+9C3A
8834,U+4C6E
8835,U+9C06
8836,U+9C0B
8837,U+9BFB
8838,U+9C0F
8839,U+9C0A
8840,U+9C68
8841,U+9BF7
8842,U+9C05
8843,U+9C1B
8844,U+9C03
8845,U+4C7B
8846,U+9BFE
8847,U+4C78
8848,U+9C01
8849,U+9BF8
8850,U+9C42
8851,U+4C71
8852,U+4C7E
8853,U+9C26
8854,U+9C40
8855,U+9C15
8856,U+4C6C
8857,U+9C2A
8858,U+9C41
8859,U+9C2C
8860,U+4C75
8861,U+9C21
8862,U+9C1D
8863,U+9C1F
8864,U+9C43
8865,U+9C1C
8866,U+9C2F
8867,U+4C97
8868,U+9C36
8869,U+9C47
8870,U+4C81
8871,U+4C8A
8872,U+9C3C
8873,U+4C83
8874,U+4C8B
8875,U+4C8C
8876,U+9C5A
8877,U+4C89
8878,U+9C4F
8879,U+9C4A
8880,U+9C6F
8881,U+4C9A
8882,U+9C64
8883,U+9C63
8884,U+9C74
8885,U+9C6C
8886,U+4C98
8887,U+4C9B
8888,U+9C75
8889,U+9C72
8890,U+97BF
8891,U+976C
8892,U+4A52
8893,U+976F
8894,U+9770
8901,U+9778
8902,U+976E
8903,U+976B
8904,U+4A7D
8905,U+4A64
8906,U+9772
8907,U+4A55
8908,U+4A54
8909,U+9777
8910,U+977A
8911,U+4A5E
8912,U+977B
8913,U+9784
8914,U+977D
8915,U+4A5B
8916,U+9783
8917,U+9781
8918,U+977F
8919,U+4A61
8920,U+4A5F
8921,U+9787
8922,U+4A65
8923,U+9788
8924,U+4A62
8925,U+9793
8926,U+9799
8927,U+4A66
8928,U+4A63
8929,U+97C7
8930,U+97A1
8931,U+979E
8932,U+979F
8933,U+4A6A
8934,U+979A
8935,U+4A69
8936,U+97AC
8937,U+4A6F
8938,U+979C
8939,U+97A2
8940,U+97B3
8941,U+97AE
8942,U+97A8
8943,U+97BC
8944,U+4A71
8945,U+97A5
8946,U+4A72
8947,U+97BB
8948,U+97A7
8949,U+4A76
8950,U+4A79
8951,U+4A7A
8952,U+4A7C
8953,U+97B9
8954,U+4A82
8955,U+4A81
8956,U+97C4
8957,U+97C2
8958,U+97C5
8959,U+4A89
8960,U+4A87
8961,U+4A8C
8962,U+4A8E
8963,U+9766
8964,U+4A42
8965,U+4A47
8966,U+4A46
8967,U+4A48
8968,U+4A4A
8969,U+9767
8970,U+4A4B
8971,U+4A4C
8972,U+4A4F
8973,U+97F0
8974,U+4AA4
8975,U+9AAD
8976,U+9AAC
8977,U+9AAB
8978,U+4BC8
8979,U+4BCB
8980,U+4BCD
8981,U+9AB2
8982,U+4BCC
8983,U+9AB3
8984,U+4BD3
8985,U+985D
8986,U+9ABB
8987,U+9AD0
8988,U+9AB4
8989,U+4BD1
8990,U+4BD2
8991,U+9AB9
8992,U+9ABF
8993,U+4BD4
8994,U+4BDE
9001,U+4BD6
9002,U+4BDC
9003,U+4BE3
9004,U+4BDF
9005,U+9AC9
9006,U+9ACE
9007,U+4BE6
9008,U+4BE5
9009,U+999B
9010,U+999D
9011,U+999C
9012,U+999E
9013,U+4B71
9014,U+99A0
9015,U+99A7
9016,U+99A4
9017,U+99A6
9018,U+99AA
9019,U+9B55
9020,U+9B3E
9021,U+9B3F
9022,U+4C24
9023,U+9B46
9024,U+4C20
9025,U+4AE5
9026,U+4C22
9027,U+4C31
9028,U+4C29
9029,U+9B4C
9030,U+9B4A
9031,U+4C27
9032,U+9B4B
9033,U+4C26
9034,U+9B56
9035,U+4C2C
9036,U+4C30
9037,U+4C2F
9038,U+4B41
9039,U+4B46
9040,U+4B55
9041,U+98E3
9042,U+98E5
9043,U+4B23
9044,U+9947
9045,U+9926
9046,U+4B28
9047,U+4B26
9048,U+4B2F
9049,U+98F7
9050,U+4B2C
9051,U+98F5
9052,U+4B2B
9053,U+98F3
9054,U+4B33
9055,U+4B62
9056,U+98F6
9057,U+98FF
9058,U+9946
9059,U+4B53
9060,U+9902
9061,U+9904
9062,U+990E
9063,U+4B37
9064,U+990F
9065,U+4B3A
9066,U+992B
9067,U+9914
9068,U+9917
9069,U+9916
9070,U+4B42
9071,U+4B3D
9072,U+4B3E
9073,U+4B3F
9074,U+9915
9075,U+4B44
9076,U+9934
9077,U+9923
9078,U+991C
9079,U+4B45
9080,U+9960
9081,U+9929
9082,U+4B43
9083,U+9924
9084,U+4B48
9085,U+4B49
9086,U+992A
9087,U+9932
9088,U+9936
9089,U+992D
9090,U+4B54
9091,U+992F
9092,U+9941
9093,U+993A
9094,U+4B52
9101,U+4B51
9102,U+4B56
9103,U+994E
9104,U+9950
9105,U+4B59
9106,U+4B58
9107,U+995B
9108,U+4B64
9109,U+9958
9110,U+4B61
9111,U+9961
9112,U+4B67
9113,U+4B68
9114,U+4B69
9115,U+4AAE
9116,U+4AAB
9117,U+4AAC
9118,U+97FD
9119,U+4B6D
9120,U+9AE2
9121,U+9AE4
9122,U+4BF1
9123,U+4BF0
9124,U+9AE7
9125,U+4BF2
9126,U+4BF5
9127,U+9AEC
9128,U+4C15
9129,U+9B21
9130,U+9AF2
9131,U+9AF3
9132,U+4BF7
9133,U+9AF6
9134,U+9AF5
9135,U+9AFA
9136,U+9B07
9137,U+4BF8
9138,U+9AFE
9139,U+9AFD
9140,U+4BFC
9141,U+9B1C
9142,U+9AFF
9143,U+9B04
9144,U+4C00
9145,U+4C02
9146,U+4BFE
9147,U+4BFD
9148,U+4C03
9149,U+4C01
9150,U+9B16
9151,U+9B0A
9152,U+9B0C
9153,U+4C04
9154,U+4C08
9155,U+9B0B
9156,U+4B6E
9157,U+4C06
9158,U+9B10
9159,U+9B15
9160,U+9B12
9161,U+4C0A
9162,U+4C10
9163,U+4C09
9164,U+9B11
9165,U+9B18
9166,U+9B19
9167,U+4C0F
9168,U+4C13
9169,U+4C16
9170,U+9B24
9171,U+48D3
9172,U+9B3A
9173,U+9DCA
9174,U+9B39
9175,U+9B35
9176,U+9B37
9177,U+4C1D
9178,U+9117
9179,U+3AA3
9180,U+6B4A
9181,U+4BEA
9182,U+9ADD
9183,U+9ADE
9184,U+9EC5
9185,U+65A2
9186,U+9EC7
9187,U+9ECA
9188,U+4D4B
9189,U+4D4C
9190,U+9ECB
9191,U+4D4D
9192,U+4D50
9193,U+4D4E
9194,U+4D4F
9201,U+587A
9202,U+7A48
9203,U+4CF8
9204,U+4706
9205,U+9EC0
9206,U+9EC2
9207,U+9EC1
9208,U+4D48
9209,U+4D49
9210,U+9E80
9211,U+911C
9212,U+3F3E
9213,U+4D20
9214,U+9E83
9215,U+9E86
9216,U+4D24
9217,U+9E85
9218,U+4D25
9219,U+9E8C
9220,U+4D27
9221,U+9E91
9222,U+9E94
9223,U+9E96
9224,U+9E99
9225,U+9E9B
9226,U+9E9C
9227,U+9F12
9228,U+4D7C
9229,U+4D7B
9230,U+9ED3
9231,U+4D60
9232,U+4D6E
9233,U+9ED7
9234,U+9ED6
9235,U+9ED5
9236,U+9EDA
9237,U+4D63
9238,U+4D68
9239,U+9EE3
9240,U+4D74
9241,U+9EE6
9242,U+4D6C
9243,U+9EEE
9244,U+9EEC
9245,U+9EED
9246,U+9EF3
9247,U+4D71
9248,U+4D72
9249,U+9EF5
9250,U+4D58
9251,U+4D52
9252,U+4D54
9253,U+4D5C
9254,U+4D5B
9255,U+4D55
9256,U+4D57
9257,U+4D59
9258,U+9ED0
9259,U+9F1A
9260,U+4D7D
9261,U+4D7F
9262,U+4D80
9263,U+9F1B
9264,U+4D81
9265,U+9F1C
9266,U+9F1D
9267,U+9F1F
9268,U+4D82
9269,U+4D83
9270,U+9F24
9271,U+9F2B
9272,U+9F25
9273,U+4D84
9274,U+9F2A
9275,U+9F29
9276,U+9F28
9277,U+9F27
9278,U+9F2E
9279,U+4D85
9280,U+9F32
9281,U+9F31
9282,U+4D86
9283,U+9F33
9284,U+9F35
9285,U+4D88
9286,U+9F36
9287,U+4D89
9288,U+9F38
9289,U+4D8B
9290,U+9F41
9291,U+9F46
9292,U+9F49
9293,U+4DB3
