decimal_token,unicode_scalar
0001,U+4E00
0002,U+4E01
0003,U+4E03
0004,U+4E08
0005,U+4E09
0006,U+4E0A
0007,U+4E0B
0008,U+4E0D
0009,U+4E10
0010,U+4E11
0011,U+4E14
0012,U+4E15
0013,U+4E16
0014,U+4E19
0015,U+4E1E
0016,U+4E22
0017,U+4E26
0018,U+4E0F
0019,U+4E28
0020,U+4E2A
0021,U+4E2B
0022,U+4E2D
0023,U+4E30
0025,U+4E32
0026,U+9515
0027,U+4E36
0028,U+953F
0029,U+4E38
0030,U+4E39
0031,U+4E3B
0032,U+7839
0033,U+4E3F
0034,U+4E42
0035,U+4E43
0036,U+4E45
0037,U+4E4B
0038,U+4E4D
0039,U+4E4E
0040,U+4E4F
0041,U+4E56
0042,U+4E58
0043,U+6849
0044,U+4E59
0045,U+4E5C
0046,U+4E5D
0047,U+4E5E
0048,U+4E5F
0050,U+4E73
0051,U+4E7E
0052,U+4E71
0053,U+51FC
0054,U+4E85
0055,U+4E86
0056,U+4E88
0057,U+4E8B
0058,U+82EF
0059,U+4E8C
0060,U+4E8E
0061,U+4E91
0062,U+4E92
0063,U+4E94
0064,U+4E95
0067,U+4E9B
0068,U+4E9A
0069,U+4E9F
0070,U+5421
0071,U+4EA0
0072,U+4EA1
0073,U+4EA2
0074,U+4EA4
0075,U+4EA5
0076,U+4EA6
0077,U+4EA8
0078,U+4EAB
0079,U+4EAC
0080,U+4EAD
0081,U+4EAE
0082,U+4EB3
0083,U+4EB6
0085,U+91AD
0086,U+4EBA
0087,U+4EC0
0088,U+4EC1
0089,U+4EC3
0090,U+4EC4
0091,U+4EC6
0092,U+4EC7
0093,U+4ECA
0094,U+4ECB
0095,U+4ECD
0096,U+4F63
0097,U+4F6C
0098,U+4ED4
0099,U+4ED5
0100,U+4ED6
0101,U+4ED7
0102,U+4ED8
0103,U+4ED9
0104,U+4EDD
0105,U+4EDE
0106,U+4EE1
0107,U+4EDF
0108,U+4EE3
0109,U+4EE4
0110,U+4EE5
0111,U+4EF0
0112,U+4EF2
0113,U+4EF3
0114,U+4EF5
0115,U+4EF6
0116,U+4EF7
0117,U+4EFB
0118,U+4EFD
0119,U+4EFF
0120,U+4F01
0121,U+4F09
0122,U+4F0A
0123,U+4F0B
0124,U+4F0D
0125,U+4F0E
0126,U+4F0F
0127,U+4F10
0128,U+4F11
0129,U+4F19
0130,U+4F2F
0131,U+4F30
0132,U+4F60
0133,U+4F34
0134,U+4F36
0135,U+4F38
0136,U+4F3A
0137,U+4F3B
0138,U+4F3C
0139,U+502E
0140,U+4F43
0141,U+4F46
0143,U+4F4D
0144,U+4F4E
0145,U+4F4F
0146,U+4F50
0147,U+4F51
0149,U+4F55
0150,U+4F57
0151,U+4F59
0152,U+4F58
0153,U+4F5A
0154,U+4F5B
0155,U+4F5C
0156,U+4F5E
0157,U+4F5F
0158,U+4F7A
0160,U+4F69
0161,U+4F22
0162,U+4F6F
0163,U+4F73
0165,U+4F76
0166,U+4F5D
0167,U+4F7B
0168,U+4F7E
0169,U+4F7F
0170,U+4F83
0171,U+6765
0172,U+4F88
0173,U+4F8B
0174,U+4F8D
0175,U+4F8F
0176,U+4F91
0177,U+4F94
0178,U+4ED1
0179,U+4F97
0180,U+4F9B
0181,U+4F9D
0183,U+4F15
0184,U+4F70
0185,U+4FAE
0186,U+4FAF
0187,U+4FB5
0188,U+4FA3
0189,U+4FBF
0191,U+4FC3
0192,U+4FC4
0193,U+4FCA
0194,U+4FCE
0195,U+4FCF
0196,U+4FD0
0197,U+4FD1
0198,U+4FD7
0199,U+4FD8
0200,U+4FDA
0201,U+4F61
0202,U+4FDD
0203,U+4FDF
0204,U+4FA0
0205,U+4FDE
0206,U+4FEB
0207,U+4FE1
0208,U+4FEE
0209,U+4FF6
0210,U+4F25
0211,U+50CD
0212,U+500C
0213,U+502C
0214,U+4FEF
0215,U+4FF1
0216,U+4FF3
0217,U+4FF5
0218,U+4FF8
0219,U+4FFA
0220,U+4FFE
0221,U+4ED3
0223,U+500D
0224,U+4FE9
0225,U+500F
0226,U+4EEC
0227,U+5012
0229,U+5018
0230,U+5019
0231,U+501A
0232,U+501C
0234,U+501F
0235,U+5021
0237,U+503C
0238,U+5025
0239,U+5026
0240,U+5028
0241,U+5029
0242,U+502A
0243,U+4F26
0244,U+502D
0245,U+5048
0246,U+504E
0247,U+50BB
0249,U+5043
0250,U+5047
0251,U+4F1F
0252,U+504F
0253,U+5055
0254,U+505A
0255,U+505C
0256,U+5065
0258,U+4FA7
0259,U+4FA6
0260,U+5076
0261,U+4EEB
0262,U+5077
0263,U+4F27
0264,U+5080
0265,U+5085
0266,U+508D
0267,U+5091
0268,U+5092
0269,U+5088
0270,U+4F1E
0271,U+5907
0275,U+50AC
0277,U+50B2
0278,U+4F20
0279,U+4F1B
0280,U+503A
0281,U+4F24
0282,U+503E
0283,U+507B
0284,U+4EC5
0286,U+4F65
0287,U+50F3
0288,U+50CF
0291,U+50E6
0292,U+507E
0294,U+4FA8
0296,U+50D6
0297,U+50DA
0298,U+4F2A
0299,U+4FA5
0300,U+50E7
0301,U+50ED
0302,U+50EE
0304,U+50F5
0306,U+50FB
0308,U+4EEA
0309,U+4FAC
0310,U+4EBF
0311,U+5106
0312,U+4FA9
0313,U+4FED
0314,U+50A4
0316,U+50F0
0317,U+510B
0318,U+5107
0319,U+50A7
0320,U+5112
0321,U+4FE6
0322,U+4FAA
0326,U+507F
0327,U+4F18
0328,U+50A8
0330,U+4FEA
0331,U+50A5
0332,U+4FE8
0334,U+513F
0335,U+5140
0336,U+5141
0337,U+5143
0338,U+5144
0339,U+5145
0340,U+5146
0341,U+5148
0342,U+5149
0344,U+514B
0345,U+5151
0346,U+514D
0347,U+5154
0349,U+5155
0350,U+5156
0351,U+515C
0352,U+5162
0354,U+5165
0355,U+5185
0356,U+5168
0357,U+4E24
0359,U+949A
0360,U+516B
0361,U+516C
0362,U+516D
0363,U+516E
0364,U+5171
0365,U+5175
0366,U+5176
0367,U+5177
0368,U+5178
0369,U+517C
0370,U+5180
0371,U+7CCD
0372,U+5182
0373,U+5189
0374,U+518C
0375,U+518D
0376,U+518F
0377,U+5187
0379,U+5192
0380,U+5195
0381,U+9569
0382,U+5196
0383,U+5197
0385,U+51A0
0386,U+51A2
0387,U+51A4
0388,U+51A5
0389,U+5E42
0390,U+8016
0391,U+51AB
0392,U+51AC
0393,U+51B0
0394,U+51B2
0395,U+51B1
0396,U+51B6
0397,U+51B7
0398,U+51AE
0399,U+51BD
0400,U+51B5
0401,U+51C4
0402,U+51C6
0403,U+51C0
0404,U+51C9
0405,U+51BC
0406,U+51CB
0407,U+51CC
0408,U+51BB
0410,U+51D1
0412,U+51DB
0413,U+51DD
0414,U+51B3
0415,U+51E0
0416,U+51E1
0417,U+51ED
0418,U+51EF
0419,U+51F3
0420,U+51F0
0421,U+830C
0422,U+51F5
0423,U+51F6
0424,U+51F8
0425,U+51F9
0427,U+51FA
0428,U+51FD
0429,U+83EA
0430,U+5200
0431,U+5201
0432,U+5203
0433,U+5206
0434,U+5207
0435,U+5208
0436,U+520A
0437,U+520E
0438,U+5211
0439,U+5212
0440,U+5216
0441,U+5217
0442,U+5228
0443,U+521D
0444,U+5220
0445,U+5224
0446,U+522B
0448,U+5229
0449,U+5241
0450,U+522E
0451,U+5230
0452,U+5232
0453,U+5233
0455,U+5236
0456,U+5237
0457,U+5238
0458,U+5239
0459,U+523A
0461,U+5243
0462,U+522D
0463,U+5219
0465,U+524A
0466,U+523B
0467,U+524D
0468,U+525C
0469,U+524C
0470,U+5261
0471,U+5254
0472,U+5256
0473,U+522C
0474,U+521A
0475,U+5265
0476,U+5269
0477,U+526A
0478,U+5250
0479,U+526F
0480,U+5272
0481,U+5240
0482,U+521B
0484,U+527D
0485,U+527F
0489,U+5267
0490,U+5288
0491,U+5218
0492,U+523D
0494,U+5251
0495,U+5242
0496,U+5293
0497,U+5298
0499,U+5245
0500,U+529B
0501,U+529F
0502,U+52A0
0503,U+52A3
0504,U+52A9
0505,U+52AA
0506,U+52AB
0507,U+52AC
0508,U+52AD
0509,U+52B9
0510,U+52BB
0511,U+52BE
0512,U+52BC
0513,U+52B2
0514,U+52C3
0515,U+52D0
0516,U+52C7
0517,U+52C9
0518,U+52CD
0519,U+52D2
0520,U+52A8
0521,U+52D6
0522,U+52D8
0523,U+52A1
0524,U+80DC
0525,U+52B3
0527,U+52DF
0528,U+52BF
0530,U+52E4
0532,U+52DA
0533,U+52F0
0534,U+52F3
0535,U+52A2
0536,U+52B1
0537,U+52F7
0538,U+529D
0539,U+951D
0540,U+52F9
0541,U+52FA
0542,U+5300
0543,U+52FF
0545,U+5305
0546,U+5308
0547,U+530A
0548,U+530D
0549,U+530F
0550,U+5310
0551,U+52FE
0552,U+5315
0553,U+5316
0554,U+5317
0555,U+5319
0556,U+78B2
0557,U+531A
0558,U+531C
0559,U+531D
0561,U+5320
0562,U+5321
0563,U+5323
0564,U+532A
0565,U+6C47
0566,U+532E
0567,U+5326
0570,U+5576
0571,U+5338
0572,U+5339
0573,U+533E
0574,U+533F
0575,U+533A
0576,U+94E5
0577,U+5341
0578,U+5343
0579,U+5EFF
0580,U+5345
0581,U+5347
0582,U+5348
0583,U+5349
0584,U+534A
0585,U+5351
0586,U+5352
0587,U+5353
0588,U+534F
0589,U+5357
0590,U+535A
0592,U+535C
0593,U+535E
0594,U+5360
0595,U+5361
0596,U+5363
0597,U+5366
0598,U+6C21
0599,U+5369
0602,U+536F
0603,U+5370
0604,U+5371
0606,U+5374
0607,U+5375
0608,U+5377
0609,U+5378
0610,U+537A
0612,U+536E
0613,U+5373
0615,U+537F
0616,U+80E8
0617,U+5382
0618,U+5384
0622,U+5398
0623,U+538D
0624,U+539A
0625,U+539D
0626,U+539F
0627,U+5395
0628,U+53A5
0630,U+538C
0631,U+53AE
0632,U+5389
0633,U+53A6
0634,U+80F4
0635,U+53B6
0637,U+53BB
0638,U+53C1
0639,U+53C2
0641,U+5845
0642,U+53C8
0643,U+53C9
0644,U+53CA
0645,U+53CB
0646,U+53CD
0647,U+53D4
0648,U+53D6
0649,U+53D7
0650,U+53D9
0651,U+53DB
0652,U+53DF
0654,U+4E1B
0655,U+53E0
0656,U+53E3
0657,U+53E4
0658,U+53E5
0659,U+53E6
0660,U+53E8
0661,U+53E9
0662,U+53EA
0663,U+53EB
0664,U+53EC
0665,U+53ED
0666,U+53EE
0667,U+53F1
0668,U+53EF
0669,U+53F0
0670,U+53F2
0671,U+53F3
0672,U+53F5
0673,U+53F6
0674,U+53F8
0675,U+5401
0676,U+5403
0677,U+5404
0678,U+5408
0679,U+5409
0680,U+540A
0681,U+540C
0682,U+540D
0683,U+540E
0684,U+540F
0685,U+5410
0686,U+5411
0687,U+5413
0689,U+541B
0690,U+541D
0691,U+541E
0692,U+541F
0693,U+5420
0694,U+5426
0695,U+5429
0696,U+5490
0697,U+5406
0698,U+542B
0699,U+542D
0700,U+542E
0701,U+5448
0702,U+5434
0703,U+5435
0704,U+5450
0705,U+5438
0706,U+5439
0707,U+544A
0708,U+543B
0709,U+543C
0710,U+543E
0711,U+5440
0712,U+5415
0713,U+5443
0714,U+5446
0715,U+5482
0716,U+5462
0717,U+5466
0718,U+544B
0719,U+5468
0720,U+5492
0721,U+5427
0722,U+5471
0724,U+5473
0725,U+5475
0726,U+5476
0727,U+5477
0728,U+547B
0729,U+547C
0730,U+547D
0731,U+5480
0732,U+5484
0733,U+5486
0734,U+5495
0735,U+548C
0736,U+548E
0737,U+548F
0738,U+548B
0739,U+5496
0740,U+54CE
0741,U+54A4
0742,U+54CD
0743,U+54AA
0744,U+54A7
0745,U+54A8
0746,U+54AB
0747,U+54AC
0748,U+54AF
0749,U+54B1
0750,U+54B3
0752,U+54B8
0754,U+54BD
0755,U+54C0
0756,U+54C1
0757,U+54C2
0758,U+54C4
0759,U+554A
0760,U+54C7
0761,U+54C8
0762,U+54C9
0763,U+54EA
0764,U+54BF
0765,U+5458
0766,U+54E5
0767,U+5514
0768,U+54E6
0769,U+54E9
0770,U+54ED
0771,U+54EE
0772,U+54F2
0773,U+54FA
0774,U+54FC
0775,U+54FD
0776,U+54FF
0777,U+5501
0778,U+5506
0780,U+5509
0781,U+5510
0782,U+5507
0783,U+54E8
0784,U+5566
0785,U+550F
0786,U+552E
0787,U+552F
0788,U+5531
0789,U+5533
0790,U+553E
0791,U+5541
0793,U+5544
0794,U+5546
0795,U+95EE
0796,U+542F
0797,U+5556
0798,U+5565
0799,U+555C
0800,U+54D1
0801,U+552C
0802,U+5564
0803,U+5561
0804,U+557B
0805,U+557C
0806,U+5581
0807,U+5580
0808,U+5582
0809,U+5583
0810,U+5584
0811,U+5586
0812,U+5587
0813,U+5588
0814,U+5589
0815,U+558A
0816,U+558F
0818,U+558B
0819,U+5591
0820,U+5598
0821,U+5599
0822,U+5524
0823,U+559C
0824,U+559D
0825,U+5527
0826,U+55A7
0827,U+55BB
0828,U+4E27
0829,U+4E54
0830,U+5355
0831,U+557E
0832,U+55B9
0833,U+55C5
0834,U+5417
0835,U+556C
0836,U+55D1
0837,U+55D3
0838,U+55D4
0839,U+545C
0840,U+55EA
0841,U+55DC
0842,U+55DF
0843,U+55E3
0844,U+55E4
0845,U+5594
0846,U+559F
0847,U+54DF
0849,U+55E1
0850,U+545B
0851,U+55C9
0852,U+55D2
0853,U+55BD
0855,U+53F9
0856,U+5608
0857,U+5609
0858,U+560F
0859,U+561B
0860,U+551B
0862,U+5567
0863,U+5C1D
0864,U+5618
0865,U+567B
0866,U+568E
0867,U+560E
0868,U+5455
0869,U+55F7
0870,U+55FD
0871,U+55FE
0872,U+562C
0873,U+54D7
0874,U+54D4
0875,U+53FD
0876,U+5578
0877,U+5632
0878,U+5634
0879,U+54D3
0880,U+5636
0881,U+55E5
0882,U+5639
0883,U+563B
0884,U+563F
0886,U+564C
0887,U+564D
0888,U+564E
0889,U+5662
0891,U+5664
0892,U+5668
0893,U+5669
0894,U+566A
0895,U+566B
0896,U+566C
0897,U+55F3
0898,U+54D9
0899,U+55B7
0900,U+5676
0901,U+54DD
0902,U+54D5
0903,U+5428
0904,U+5671
0905,U+549B
0906,U+5685
0908,U+568F
0909,U+556E
0910,U+569A
0912,U+5181
0917,U+4E25
0918,U+5499
0919,U+5624
0920,U+56BC
0921,U+556D
0922,U+55EB
0923,U+56A3
0924,U+56B7
0926,U+56CA
0927,U+5453
0928,U+5631
0930,U+53FB
0931,U+56D7
0932,U+56DE
0933,U+56DA
0934,U+56DB
0935,U+56F1
0936,U+56E0
0937,U+56E4
0938,U+56F0
0939,U+56EB
0940,U+56F7
0941,U+56F9
0942,U+56FA
0943,U+56FF
0944,U+5703
0945,U+5704
0946,U+5708
0947,U+5709
0948,U+56FD
0950,U+56F5
0951,U+5710
0952,U+5719
0953,U+56F4
0954,U+56ED
0955,U+5706
0956,U+56FE
0957,U+56E2
0958,U+571C
0960,U+571F
0961,U+5728
0962,U+5729
0963,U+572C
0964,U+572D
0965,U+572E
0966,U+5730
0967,U+573B
0968,U+5740
0969,U+573E
0970,U+575F
0971,U+5747
0972,U+574A
0973,U+574D
0974,U+574E
0975,U+574F
0976,U+5750
0977,U+5751
0978,U+5742
0979,U+574C
0980,U+5761
0981,U+5764
0982,U+5766
0983,U+576D
0984,U+5769
0985,U+5777
0986,U+577C
0987,U+5782
0988,U+576A
0989,U+576B
0990,U+5770
0991,U+5773
0992,U+578B
0993,U+5793
0994,U+576C
0995,U+57A0
0996,U+57A2
0997,U+57A3
0998,U+5783
0999,U+576F
1000,U+579B
1001,U+5768
1002,U+57C3
1003,U+57CB
1004,U+57CE
1005,U+57D2
1006,U+57AE
1007,U+57CF
1008,U+57DF
1009,U+57E0
1010,U+57A7
1011,U+57ED
1012,U+57A1
1013,U+6267
1014,U+57F9
1015,U+57FA
1016,U+5802
1017,U+575A
1018,U+5806
1019,U+57A9
1020,U+57E4
1021,U+57F4
1022,U+57F5
1023,U+57F8
1024,U+5803
1025,U+5819
1026,U+581E
1027,U+5821
1028,U+5820
1029,U+5824
1030,U+582A
1031,U+5C27
1032,U+62A5
1033,U+57D4
1034,U+573A
1035,U+5835
1036,U+57DD
1037,U+5830
1038,U+57BE
1039,U+584D
1040,U+5757
1041,U+8314
1042,U+584C
1043,U+5851
1044,U+5854
1045,U+5893
1046,U+585A
1048,U+5858
1049,U+585E
1050,U+586B
1051,U+575E
1052,U+57B2
1053,U+57D9
1054,U+57D8
1055,U+583C
1056,U+575D
1057,U+5C18
1058,U+5811
1060,U+587E
1061,U+5842
1062,U+5880
1063,U+5881
1064,U+5883
1065,U+5885
1066,U+5889
1067,U+57AB
1068,U+5884
1069,U+57EB
1071,U+5760
1073,U+589E
1074,U+589F
1075,U+58A8
1076,U+58A9
1077,U+5815
1080,U+5844
1081,U+5846
1082,U+5888
1083,U+57A6
1084,U+58C1
1085,U+58C5
1086,U+575B
1089,U+58D1
1090,U+538B
1091,U+58D5
1093,U+5792
1094,U+5739
1096,U+5784
1097,U+5786
1099,U+58E4
1101,U+5733
1102,U+58EB
1103,U+58EC
1104,U+58EE
1105,U+58F9
1106,U+58F6
1108,U+5BFF
1109,U+58F8
1110,U+6934
1111,U+5902
1112,U+5906
1113,U+7C16
1114,U+590A
1115,U+590F
1116,U+7818
1118,U+8DFA
1119,U+5915
1120,U+5916
1121,U+5919
1122,U+591A
1123,U+591C
1124,U+591F
1125,U+68A6
1126,U+5924
1127,U+5925
1128,U+5A40
1129,U+5927
1130,U+592D
1131,U+5929
1132,U+592A
1133,U+592B
1134,U+592C
1135,U+592E
1136,U+5931
1137,U+592F
1138,U+5937
1139,U+5938
1140,U+5939
1141,U+5944
1142,U+5947
1143,U+5948
1144,U+5949
1145,U+594E
1146,U+594F
1147,U+5942
1148,U+5951
1149,U+5954
1150,U+5955
1151,U+5953
1152,U+5957
1153,U+595A
1154,U+9507
1155,U+5958
1156,U+5960
1158,U+5962
1159,U+5965
1160,U+5941
1161,U+593A
1162,U+5956
1163,U+596D
1164,U+594B
1165,U+5940
1166,U+5973
1167,U+5974
1168,U+5976
1169,U+5978
1170,U+597D
1171,U+5981
1172,U+5982
1173,U+5983
1174,U+5984
1175,U+598A
1176,U+5992
1177,U+598D
1178,U+5993
1179,U+5996
1180,U+5997
1181,U+5999
1182,U+5986
1183,U+59A3
1184,U+59A4
1185,U+59A5
1186,U+59A8
1187,U+59AF
1188,U+59B9
1189,U+59BB
1190,U+59BE
1191,U+59C6
1192,U+59CA
1193,U+59CB
1194,U+59D7
1195,U+59D0
1196,U+59D1
1197,U+59D2
1198,U+59D3
1199,U+59B2
1200,U+59AE
1201,U+59D4
1202,U+59DA
1203,U+59DC
1204,U+59DD
1207,U+59E3
1209,U+59E5
1210,U+59E8
1212,U+4F84
1213,U+59EC
1215,U+59FB
1216,U+5A03
1217,U+59FF
1218,U+5A01
1219,U+5A09
1220,U+59EE
1222,U+5A0C
1223,U+5A11
1224,U+5A18
1225,U+5A31
1226,U+5A1C
1227,U+5A1F
1228,U+5A20
1229,U+5A23
1230,U+5A25
1231,U+5A29
1232,U+5A13
1233,U+5A3C
1234,U+59F9
1235,U+5A36
1236,U+5A04
1237,U+5A46
1238,U+5A49
1239,U+5A4A
1240,U+5A55
1241,U+5A5A
1242,U+5A62
1244,U+5987
1245,U+5A6A
1246,U+5A05
1247,U+5979
1248,U+59B3
1249,U+5A7C
1250,U+5A77
1251,U+5A7A
1252,U+5A92
1253,U+5A9A
1254,U+5A9B
1257,U+5A32
1260,U+5A96
1261,U+5AB3
1262,U+5AB5
1263,U+5AB8
1264,U+5AAA
1265,U+5988
1266,U+5ABE
1268,U+5AC1
1269,U+5AC2
1270,U+5AC4
1271,U+5AC9
1273,U+5ACC
1274,U+5AB2
1276,U+5AD6
1277,U+59AA
1278,U+5AE0
1279,U+5AE1
1280,U+5AE3
1281,U+5AE6
1282,U+5AE9
1283,U+5AEA
1284,U+5AD8
1285,U+5ADA
1286,U+5ADC
1287,U+5AEB
1289,U+59AB
1290,U+5A06
1291,U+5B09
1292,U+5A75
1293,U+5A07
1294,U+5AAD
1295,U+5B16
1296,U+5B17
1297,U+5AF1
1298,U+5B1B
1299,U+5B34
1300,U+5AD4
1301,U+5B37
1303,U+5B32
1305,U+5A74
1306,U+5A76
1307,U+5B40
1309,U+5A08
1310,U+599E
1311,U+5B50
1312,U+5B51
1313,U+5B54
1314,U+5B55
1315,U+5B53
1316,U+5B57
1317,U+5B58
1318,U+5B5A
1319,U+5B5B
1320,U+5B5C
1321,U+5B5D
1322,U+5B5F
1323,U+5B63
1324,U+5B64
1325,U+5B65
1326,U+5B69
1327,U+5B59
1328,U+5B70
1329,U+5B71
1330,U+5B73
1331,U+5B66
1332,U+5B7A
1334,U+5B6A
1335,U+5B75
1336,U+5B80
1337,U+5B81
1338,U+5B83
1339,U+5B84
1341,U+5B85
1342,U+5B87
1343,U+5B88
1344,U+5B89
1345,U+5B8B
1346,U+5B8C
1347,U+5B8F
1348,U+5B93
1349,U+5B95
1350,U+5B97
1351,U+5B98
1352,U+5B99
1353,U+5B9A
1354,U+5B9B
1355,U+5B9C
1356,U+5BA2
1357,U+5BA3
1358,U+5BA4
1359,U+5BA5
1360,U+5BA6
1361,U+5BAC
1362,U+5BAB
1363,U+5BB0
1364,U+5BB3
1365,U+5BB4
1366,U+5BB5
1367,U+5BB6
1368,U+5BB8
1369,U+5BB9
1372,U+5BBF
1374,U+5BC2
1376,U+5BC4
1377,U+5BC5
1378,U+5BC6
1379,U+5BC7
1381,U+5BCC
1382,U+5BD0
1383,U+5BD2
1384,U+5BD3
1389,U+5BDE
1390,U+5BDF
1391,U+5BE1
1392,U+5BDD
1393,U+5BE4
1394,U+5BE5
1395,U+5B9E
1396,U+5BE8
1399,U+5BA1
1400,U+5199
1401,U+5BBD
1402,U+5BEE
1403,U+5BF0
1404,U+5BA0
1405,U+5B9D
1406,U+5BA7
1407,U+5BF8
1408,U+5BFA
1409,U+5C01
1410,U+5C04
1411,U+5C05
1412,U+5C06
1413,U+4E13
1414,U+5C09
1415,U+5C0A
1416,U+5BFB
1417,U+5BF9
1418,U+5BFC
1419,U+84BD
1420,U+5C0F
1421,U+5C11
1422,U+5C14
1423,U+5C16
1424,U+5C1A
1427,U+5C15
1428,U+5C22
1429,U+5C24
1431,U+5C2A
1432,U+5C31
1433,U+5C30
1434,U+5C34
1435,U+5C2C
1436,U+94D2
1437,U+5C38
1438,U+5C39
1439,U+5C3A
1440,U+5C3B
1441,U+5C3C
1442,U+5C3E
1443,U+5C3F
1444,U+5C40
1445,U+5C41
1446,U+5C45
1447,U+5C4A
1448,U+5C48
1449,U+5C49
1450,U+5C4B
1452,U+5C4E
1453,U+5C50
1454,U+5C51
1455,U+5C55
1456,U+5C4F
1457,U+5C5D
1458,U+5C60
1459,U+5C61
1460,U+5C63
1461,U+5C42
1462,U+5C65
1464,U+5C66
1466,U+5C5E
1468,U+7829
1469,U+5C6E
1470,U+5C6F
1471,U+5CB3
1472,U+5C71
1473,U+5C79
1474,U+5C7A
1475,U+5CC1
1476,U+5C8C
1477,U+5C90
1478,U+5C91
1479,U+5C94
1480,U+5CFF
1481,U+5188
1482,U+5CA2
1483,U+5C88
1484,U+5CA9
1485,U+5CAB
1486,U+5CB1
1487,U+5CB5
1488,U+5CB7
1489,U+5CB8
1490,U+5CA3
1491,U+5CD2
1492,U+5CD9
1493,U+5CCB
1494,U+5CE8
1495,U+5CED
1496,U+5CF0
1497,U+5C9B
1498,U+5CFB
1499,U+5CE1
1500,U+5CD3
1501,U+5C98
1502,U+5CEA
1503,U+5D03
1504,U+5D07
1505,U+5D0E
1506,U+5CBD
1507,U+5D11
1508,U+5D14
1509,U+5D16
1510,U+5D19
1511,U+5C97
1512,U+5D1B
1513,U+5CE5
1514,U+5D29
1515,U+5D1A
1516,U+5D27
1517,U+5D26
1518,U+5D47
1519,U+5D06
1520,U+5D4B
1521,U+5D6B
1522,U+5D4A
1523,U+5D4C
1524,U+5CE7
1525,U+5D4E
1526,U+5C9A
1527,U+5D00
1528,U+5D05
1529,U+5D69
1530,U+5D5D
1531,U+5D6C
1532,U+5D6F
1533,U+5D0C
1534,U+5D82
1535,U+5D2D
1536,U+5C96
1537,U+5D92
1538,U+5D5A
1539,U+5D58
1540,U+5CE4
1541,U+5D24
1542,U+5CC4
1543,U+5D99
1544,U+5DB7
1545,U+5CAD
1546,U+5C7F
1547,U+5D3E
1548,U+5DC9
1549,U+5D5B
1550,U+5DCD
1551,U+5CE6
1552,U+5D85
1553,U+5DC5
1554,U+5DD6
1555,U+5D02
1556,U+5DDB
1557,U+5DDD
1558,U+5DDE
1559,U+5DE1
1560,U+5DE2
1561,U+9544
1562,U+5DE5
1563,U+5DE6
1564,U+5DE7
1565,U+5DE8
1566,U+5DEB
1567,U+5DEE
1568,U+915A
1569,U+5DF1
1570,U+5DF3
1571,U+5DF2
1572,U+5DF4
1574,U+5DF7
1575,U+5DFD
1576,U+9486
1577,U+5DFE
1578,U+5E01
1579,U+5E02
1580,U+5E03
1581,U+5E06
1582,U+5E0B
1583,U+5E11
1584,U+5E15
1585,U+5E0C
1586,U+5E16
1587,U+5E17
1588,U+5E18
1589,U+5E19
1590,U+5E1A
1591,U+5E1B
1592,U+5E14
1593,U+5E1D
1594,U+5E21
1596,U+5E05
1597,U+5E08
1598,U+5E2D
1599,U+5E28
1600,U+5E10
1601,U+5E26
1602,U+5E37
1603,U+5E38
1604,U+5E3D
1605,U+5E0F
1606,U+5E44
1607,U+5E45
1608,U+5E27
1610,U+5E4C
1611,U+5E54
1612,U+5E55
1613,U+5E3C
1614,U+5E3B
1615,U+5E1C
1616,U+5E61
1617,U+5E62
1619,U+5E6A
1620,U+5E2E
1621,U+5E31
1625,U+5E5B
1626,U+5E72
1627,U+5E73
1628,U+5E74
1629,U+5E76
1630,U+5E78
1632,U+77F8
1633,U+5E7A
1634,U+5E7B
1635,U+5E7C
1636,U+5E7D
1638,U+9150
1639,U+5E7F
1640,U+5E80
1641,U+5EB9
1642,U+5E87
1643,U+5E8A
1644,U+5E8B
1645,U+5E8F
1646,U+5E95
1647,U+5E96
1648,U+5E97
1649,U+5E9A
1650,U+5E9C
1651,U+5EA0
1652,U+5EA5
1653,U+5EA6
1654,U+5EA7
1655,U+5E93
1656,U+5EAD
1658,U+5EB5
1659,U+5EB6
1660,U+5EB7
1661,U+5EB8
1662,U+5EBE
1666,U+53A2
1668,U+5ED1
1669,U+5EC8
1670,U+5EC9
1671,U+5ECA
1672,U+5ECB
1673,U+53A9
1674,U+5ED3
1675,U+5ED6
1676,U+53A8
1679,U+5EDB
1680,U+5E99
1682,U+5E91
1683,U+5E9F
1685,U+5EE8
1686,U+5EEA
1687,U+5E90
1689,U+5385
1690,U+5E9E
1691,U+9506
1692,U+5EF4
1693,U+5EF6
1694,U+5EF7
1696,U+5EFA
1699,U+5EFE
1701,U+5F01
1702,U+5F04
1704,U+5F08
1705,U+5F0A
1706,U+831B
1707,U+5F0B
1708,U+5F0D
1709,U+5F0F
1710,U+5F11
1711,U+7014
1712,U+5F13
1714,U+5F15
1715,U+5F17
1716,U+5F1B
1717,U+5F1F
1718,U+5F22
1720,U+5F26
1721,U+5F27
1722,U+5F29
1725,U+5F2D
1726,U+5F31
1728,U+5F20
1730,U+5F3A
1732,U+5F3C
1733,U+5F40
1734,U+5F39
1736,U+5F25
1737,U+5F2F
1738,U+5F18
1739,U+5F50
1740,U+5F56
1741,U+5F57
1742,U+5F58
1744,U+5F5D
1745,U+5F5F
1746,U+81CC
1747,U+5F61
1748,U+5F62
1749,U+5F64
1750,U+5F66
1751,U+5F67
1752,U+5F69
1753,U+5F6A
1755,U+5F6C
1756,U+5F6D
1757,U+5F70
1758,U+5F71
1759,U+5F68
1760,U+94EA
1761,U+5F73
1762,U+5F77
1763,U+5F79
1764,U+5F7C
1766,U+5F80
1767,U+5F81
1768,U+5F82
1769,U+5F85
1770,U+5F87
1771,U+5F88
1772,U+5F89
1773,U+5F8A
1774,U+5F8B
1776,U+5F90
1777,U+5F84
1778,U+5F92
1779,U+5F97
1780,U+5F98
1781,U+5F99
1782,U+5F9C
1783,U+4ECE
1784,U+5F95
1785,U+5FA1
1787,U+5FA8
1788,U+590D
1789,U+5FAA
1790,U+5FAC
1791,U+5FAD
1792,U+5FAE
1793,U+5FAF
1794,U+5FB5
1795,U+5FB7
1796,U+5F7B
1797,U+5FBC
1798,U+5FBD
1799,U+7113
1800,U+5FC3
1801,U+5FC5
1802,U+5FC9
1803,U+5FCC
1804,U+5FCD
1805,U+5FD2
1806,U+5FD6
1807,U+5FD7
1808,U+5FD8
1809,U+5FD0
1810,U+5FD1
1811,U+5FD9
1812,U+5FDD
1813,U+5FE0
1814,U+5FE1
1815,U+606C
1816,U+5FEB
1817,U+5FED
1818,U+5FEE
1819,U+5FF5
1820,U+5FF1
1821,U+5FF8
1822,U+5FE4
1823,U+5FFB
1824,U+5FFD
1825,U+5FFF
1826,U+600D
1827,U+600E
1828,U+600F
1829,U+6012
1830,U+6015
1831,U+6016
1832,U+6017
1833,U+6019
1834,U+601B
1835,U+601D
1836,U+6020
1837,U+6021
1838,U+6025
1839,U+6026
1840,U+6027
1841,U+6028
1842,U+6029
1843,U+602A
1844,U+602B
1845,U+602F
1847,U+6035
1849,U+60A8
1850,U+6014
1851,U+6041
1852,U+6042
1853,U+6043
1854,U+6052
1855,U+60E6
1857,U+604D
1858,U+6050
1859,U+6055
1860,U+6059
1861,U+605A
1862,U+605D
1863,U+6062
1864,U+6063
1865,U+6064
1867,U+6067
1868,U+6068
1869,U+6069
1870,U+606A
1871,U+606B
1872,U+606D
1873,U+606F
1874,U+6070
1875,U+6083
1877,U+6084
1878,U+60A6
1879,U+608C
1880,U+608D
1881,U+6092
1882,U+6094
1883,U+6096
1884,U+609A
1885,U+6089
1886,U+609B
1887,U+609D
1888,U+60AE
1889,U+609F
1890,U+60A0
1891,U+60A3
1894,U+60B1
1896,U+60B2
1897,U+60B4
1898,U+6005
1899,U+95F7
1900,U+60B8
1901,U+60BB
1902,U+60BC
1906,U+60C5
1907,U+60C6
1908,U+60C7
1910,U+60D1
1911,U+60D3
1912,U+60D5
1913,U+60D8
1914,U+60D9
1915,U+60DA
1917,U+60DC
1919,U+60DF
1920,U+60E0
1921,U+6076
1922,U+60B0
1923,U+60CB
1924,U+60F0
1925,U+607C
1926,U+607D
1927,U+60F3
1928,U+60F4
1929,U+60F6
1931,U+60F9
1932,U+60FA
1933,U+607B
1934,U+6100
1935,U+6101
1936,U+6106
1937,U+6108
1938,U+6109
1940,U+610D
1941,U+610E
1942,U+610F
1944,U+6114
1945,U+6115
1946,U+611A
1947,U+7231
1948,U+60EC
1949,U+611F
1950,U+6120
1951,U+6127
1952,U+60AB
1953,U+612B
1955,U+6006
1956,U+607A
1957,U+614E
1958,U+5FFE
1959,U+613F
1960,U+607F
1964,U+6148
1965,U+614A
1966,U+6001
1967,U+614C
1969,U+6153
1970,U+6155
1971,U+60E8
1973,U+615D
1974,U+60ED
1975,U+6078
1976,U+6162
1977,U+60EF
1979,U+6167
1980,U+6168
1981,U+6002
1982,U+8651
1983,U+6170
1984,U+60AD
1986,U+6175
1987,U+5E86
1988,U+6177
1992,U+5FE7
1994,U+60EB
1995,U+601C
1997,U+6194
1998,U+60EE
1999,U+618E
2000,U+619D
2001,U+6124
2002,U+61A7
2003,U+61A8
2004,U+61A9
2005,U+61AC
2006,U+60AF
2007,U+6003
2009,U+5BAA
2011,U+5FC6
2013,U+61BE
2016,U+61C2
2017,U+6073
2018,U+61C8
2019,U+5E94
2020,U+61CA
2021,U+61CB
2022,U+603F
2023,U+61D4
2025,U+6126
2029,U+603C
2030,U+61D1
2032,U+61E6
2033,U+60E9
2034,U+61FF
2035,U+61F5
2036,U+61D2
2037,U+6000
2038,U+60AC
2039,U+5FCF
2040,U+60E7
2042,U+6151
2043,U+604B
2044,U+6079
2045,U+6206
2047,U+6208
2048,U+620A
2049,U+620C
2050,U+620D
2051,U+620E
2052,U+6210
2053,U+6211
2054,U+6212
2055,U+620B
2056,U+6215
2057,U+6216
2058,U+621A
2059,U+621B
2060,U+621F
2061,U+6222
2062,U+6225
2063,U+6221
2065,U+622C
2066,U+622A
2067,U+6233
2068,U+622E
2069,U+6218
2070,U+620F
2071,U+6234
2072,U+6224
2073,U+6237
2074,U+623E
2075,U+623F
2076,U+6240
2077,U+623D
2078,U+6241
2079,U+6243
2081,U+6246
2082,U+6247
2083,U+6248
2084,U+6249
2086,U+69F2
2087,U+624B
2088,U+624D
2089,U+624E
2090,U+6251
2091,U+6252
2092,U+6253
2093,U+6254
2094,U+6258
2095,U+625B
2096,U+6260
2097,U+62E4
2099,U+6263
2100,U+626D
2101,U+626E
2102,U+626F
2104,U+6273
2105,U+6276
2106,U+6279
2107,U+62B5
2108,U+627C
2109,U+627E
2110,U+627F
2111,U+6280
2113,U+6284
2115,U+6289
2116,U+628A
2117,U+6291
2118,U+6292
2119,U+6293
2121,U+6295
2122,U+6296
2123,U+6297
2124,U+6298
2125,U+62A8
2126,U+62AB
2127,U+62AC
2128,U+62B1
2129,U+62BF
2130,U+62B9
2131,U+62BC
2132,U+62BD
2133,U+62C2
2134,U+62C4
2135,U+62C6
2136,U+62C7
2137,U+62C5
2138,U+62C8
2139,U+62C9
2140,U+62CA
2141,U+629B
2142,U+62CC
2143,U+62CD
2145,U+62D0
2146,U+62CE
2147,U+62D2
2148,U+62D3
2149,U+62D4
2151,U+62D6
2152,U+62D7
2153,U+62D8
2154,U+62D9
2155,U+62DA
2156,U+62DB
2157,U+62DC
2158,U+6342
2159,U+62EE
2160,U+62ED
2161,U+62EC
2162,U+62F1
2163,U+62EF
2164,U+62F3
2165,U+62F4
2166,U+62F7
2167,U+62FD
2168,U+62FE
2169,U+62FF
2170,U+6301
2171,U+6302
2172,U+6307
2173,U+6308
2174,U+6309
2175,U+630E
2176,U+6311
2177,U+6316
2178,U+62FC
2179,U+6328
2180,U+632A
2181,U+632B
2182,U+632F
2183,U+6345
2184,U+6339
2185,U+633A
2186,U+633C
2187,U+633D
2188,U+631F
2190,U+6346
2191,U+6349
2192,U+634B
2193,U+634C
2194,U+634D
2195,U+6382
2196,U+6350
2197,U+6323
2198,U+6355
2199,U+6332
2200,U+634E
2201,U+6367
2203,U+6369
2204,U+626A
2205,U+637A
2206,U+636D
2207,U+636E
2209,U+6371
2211,U+6376
2212,U+6377
2213,U+63CD
2214,U+637B
2216,U+6380
2217,U+626B
2218,U+6387
2219,U+6388
2220,U+6389
2221,U+638A
2222,U+638C
2223,U+638F
2224,U+638E
2225,U+6390
2226,U+6392
2227,U+6396
2228,U+6398
2230,U+63A0
2232,U+63A2
2233,U+63A3
2234,U+63A5
2235,U+63A7
2236,U+63A8
2237,U+63A9
2238,U+63AA
2239,U+63AC
2240,U+63AF
2241,U+62A1
2245,U+62E3
2246,U+63C4
2247,U+63C6
2248,U+63C9
2249,U+63CF
2250,U+634F
2251,U+63D0
2252,U+63D2
2253,U+63D6
2254,U+626C
2255,U+6362
2257,U+63E0
2258,U+643D
2259,U+63E1
2260,U+63E3
2261,U+63E9
2262,U+63EA
2263,U+63ED
2264,U+6325
2266,U+63F4
2268,U+63BE
2269,U+641E
2271,U+6427
2275,U+635F
2276,U+640F
2277,U+6412
2278,U+6413
2279,U+6414
2280,U+6447
2281,U+6363
2282,U+641C
2283,U+6420
2286,U+6426
2288,U+642A
2289,U+642C
2290,U+642D
2291,U+6434
2292,U+6454
2293,U+62A2
2294,U+6410
2296,U+63BA
2297,U+6482
2298,U+6458
2299,U+6402
2300,U+6491
2301,U+6467
2302,U+6469
2303,U+646D
2304,U+631A
2305,U+62A0
2306,U+629F
2307,U+6478
2308,U+6479
2309,U+647A
2310,U+63B4
2311,U+6452
2313,U+6485
2316,U+64A9
2317,U+6487
2318,U+635E
2320,U+6492
2321,U+6320
2322,U+6495
2323,U+6499
2326,U+649E
2327,U+64A4
2328,U+62E8
2329,U+629A
2330,U+64AD
2331,U+64AE
2332,U+64B0
2334,U+64AC
2335,U+63BC
2336,U+6509
2337,U+631E
2338,U+64BC
2339,U+631D
2340,U+62E5
2341,U+64C2
2342,U+63B3
2343,U+64C5
2344,U+62E9
2345,U+51FB
2346,U+6321
2347,U+64CD
2348,U+64CE
2349,U+62E7
2350,U+64D2
2352,U+64D7
2353,U+64D8
2355,U+64B7
2356,U+6400
2357,U+6324
2359,U+64E2
2361,U+64E6
2362,U+62DF
2363,U+6448
2364,U+6401
2365,U+64B5
2366,U+64ED
2367,U+63B7
2368,U+6269
2369,U+6446
2370,U+64DE
2371,U+6270
2372,U+6500
2373,U+6445
2374,U+62E6
2375,U+6484
2376,U+6518
2377,U+643A
2378,U+6444
2379,U+62E2
2380,U+6512
2381,U+631B
2382,U+644A
2383,U+6405
2384,U+652B
2385,U+63FD
2387,U+62C3
2388,U+652F
2390,U+5843
2391,U+6534
2392,U+6536
2394,U+6538
2395,U+6539
2396,U+653B
2397,U+653E
2398,U+653F
2399,U+6545
2400,U+6548
2401,U+6549
2403,U+6559
2404,U+654F
2405,U+6551
2406,U+6555
2407,U+6556
2408,U+8D25
2411,U+655D
2412,U+655E
2413,U+6562
2414,U+6563
2415,U+6566
2416,U+5910
2417,U+656C
2418,U+6572
2419,U+6574
2420,U+654C
2421,U+6577
2422,U+6570
2425,U+655B
2426,U+6BD9
2427,U+6569
2429,U+6587
2430,U+658C
2431,U+6590
2432,U+6591
2433,U+6593
2434,U+87E5
2435,U+6597
2436,U+6599
2437,U+659B
2438,U+659C
2439,U+659D
2440,U+659F
2441,U+65A1
2442,U+65A2
2443,U+65A4
2444,U+65A5
2445,U+65A7
2446,U+65A8
2447,U+65A9
2448,U+65AF
2450,U+65B0
2451,U+65AD
2455,U+65B9
2456,U+65BC
2457,U+65BD
2459,U+65CE
2460,U+65C1
2461,U+65C2
2462,U+65C3
2463,U+65C4
2464,U+65C5
2465,U+65C6
2467,U+65CB
2468,U+65CC
2469,U+65CF
2470,U+65D6
2471,U+65D2
2475,U+65D7
2476,U+70E9
2477,U+65E0
2478,U+65E2
2480,U+65E5
2481,U+65E6
2482,U+65E8
2483,U+65E9
2484,U+65EC
2485,U+65ED
2486,U+65F0
2487,U+65F1
2488,U+6652
2489,U+65FA
2490,U+660C
2491,U+6602
2492,U+6606
2493,U+6603
2494,U+660E
2495,U+660F
2496,U+6613
2497,U+6614
2498,U+6657
2499,U+6609
2500,U+6615
2501,U+661D
2502,U+661F
2503,U+6620
2504,U+6625
2505,U+6627
2506,U+6628
2507,U+662D
2508,U+662F
2509,U+6631
2510,U+6634
2511,U+6635
2512,U+6636
2513,U+6641
2514,U+65F6
2515,U+6643
2516,U+664B
2517,U+664C
2518,U+664F
2519,U+665A
2520,U+6662
2521,U+663C
2522,U+665E
2523,U+6661
2524,U+6664
2525,U+6668
2526,U+6666
2527,U+668E
2528,U+666E
2529,U+666F
2530,U+6670
2531,U+6673
2532,U+6674
2533,U+6676
2534,U+6677
2535,U+667A
2536,U+666C
2537,U+6684
2538,U+6687
2539,U+668D
2540,U+6691
2541,U+6696
2542,U+6697
2543,U+65F8
2544,U+669D
2545,U+7545
2546,U+6655
2547,U+6656
2548,U+6682
2549,U+65FB
2550,U+66AE
2552,U+66B4
2554,U+66B9
2555,U+66A8
2556,U+6653
2557,U+66BE
2560,U+6619
2562,U+66D9
2564,U+66DB
2565,U+66DC
2566,U+66DD
2568,U+65F7
2569,U+66E6
2570,U+663D
2571,U+66E9
2573,U+6607
2574,U+66F0
2575,U+66F2
2576,U+66F3
2577,U+66F4
2578,U+66F7
2579,U+4E66
2580,U+66F9
2581,U+66FC
2582,U+66FE
2583,U+66FF
2584,U+6700
2585,U+4F1A
2588,U+6708
2589,U+6709
2590,U+670B
2591,U+670D
2592,U+6714
2593,U+6710
2594,U+6713
2596,U+6715
2597,U+6717
2598,U+671B
2600,U+671D
2601,U+671F
2603,U+6726
2604,U+80E7
2605,U+8020
2606,U+6728
2607,U+672A
2608,U+672B
2609,U+672C
2610,U+672D
2611,U+672F
2612,U+6731
2613,U+6734
2614,U+6735
2615,U+673D
2616,U+6746
2617,U+6748
2618,U+6777
2619,U+6749
2620,U+674C
2621,U+674E
2622,U+674F
2623,U+673A
2624,U+6750
2625,U+6751
2626,U+6753
2627,U+6756
2628,U+67C8
2629,U+675C
2630,U+675E
2631,U+675F
2632,U+68A0
2633,U+6813
2634,U+676A
2635,U+676D
2636,U+67FF
2637,U+676F
2638,U+6770
2639,U+4E1C
2640,U+6772
2641,U+6773
2642,U+673F
2643,U+6775
2644,U+68F5
2645,U+677C
2646,U+677E
2647,U+677F
2648,U+6789
2649,U+6790
2650,U+6795
2651,U+6797
2652,U+6799
2653,U+679A
2654,U+679C
2655,U+679D
2657,U+6787
2658,U+678B
2660,U+6798
2661,U+67AF
2663,U+67B3
2664,U+67B5
2665,U+67B6
2666,U+67B7
2667,U+67B8
2670,U+67C1
2671,U+67C4
2672,U+67CF
2673,U+67D0
2674,U+67D1
2675,U+67D2
2676,U+67D3
2677,U+67D4
2678,U+67D8
2679,U+67D9
2680,U+67DA
2681,U+67DC
2682,U+67DD
2683,U+67DE
2685,U+67E2
2686,U+67E5
2687,U+67EC
2688,U+67EF
2689,U+67EE
2690,U+67F0
2691,U+67F1
2692,U+67F3
2693,U+67F4
2694,U+6805
2695,U+67B0
2697,U+6A0B
2698,U+6817
2699,U+6821
2700,U+6829
2701,U+682A
2702,U+6838
2704,U+6839
2705,U+69FE
2706,U+683C
2707,U+683D
2708,U+6840
2709,U+6841
2710,U+6842
2711,U+6843
2712,U+6845
2713,U+6846
2714,U+6848
2715,U+684C
2716,U+684E
2717,U+6850
2718,U+6851
2719,U+6853
2720,U+6854
2721,U+6855
2722,U+6816
2723,U+6832
2724,U+6833
2725,U+6844
2726,U+686B
2727,U+6874
2729,U+6876
2730,U+6877
2732,U+6883
2733,U+6881
2734,U+6885
2735,U+6886
2736,U+688F
2737,U+6893
2738,U+6800
2739,U+6897
2742,U+6761
2743,U+67AD
2744,U+68A2
2745,U+68A7
2746,U+68A8
2747,U+68AD
2748,U+68AF
2749,U+68B1
2750,U+68B0
2751,U+68C1
2752,U+68B3
2753,U+68B5
2756,U+686F
2757,U+5F03
2758,U+68C9
2759,U+68CB
2760,U+68CD
2761,U+68D2
2762,U+68D5
2763,U+67A8
2764,U+67A3
2765,U+68D8
2766,U+68DA
2767,U+680B
2768,U+68E0
2769,U+68E3
2770,U+6808
2771,U+68EB
2772,U+68EC
2773,U+68EE
2774,U+68F0
2775,U+6966
2777,U+68F9
2778,U+68FA
2779,U+6901
2780,U+68FB
2781,U+68FC
2783,U+6905
2784,U+690D
2785,U+690E
2786,U+6912
2787,U+68D0
2788,U+68D3
2789,U+68F1
2790,U+68E8
2791,U+6910
2792,U+6913
2794,U+6930
2795,U+6939
2796,U+693D
2797,U+693F
2799,U+6768
2800,U+67AB
2801,U+6954
2802,U+6809
2806,U+695A
2807,U+695E
2808,U+695D
2809,U+6960
2810,U+6986
2811,U+6962
2812,U+6963
2813,U+696B
2814,U+4E1A
2815,U+696F
2816,U+696E
2817,U+6781
2818,U+6977
2819,U+6979
2822,U+69E0
2823,U+6862
2824,U+6969
2825,U+6978
2826,U+6994
2827,U+6995
2828,U+6996
2829,U+6998
2830,U+699B
2831,U+699C
2833,U+69A7
2834,U+69A8
2835,U+69AB
2836,U+69AD
2837,U+8363
2838,U+69B1
2839,U+69B4
2840,U+69BB
2841,U+69BE
2842,U+69C1
2843,U+69C5
2844,U+69CA
2845,U+6784
2846,U+69CC
2847,U+67AA
2848,U+69CE
2849,U+69D0
2854,U+69B7
2855,U+69BC
2856,U+6A11
2858,U+6920
2861,U+6982
2862,U+6868
2863,U+69D4
2864,U+69FD
2865,U+69FF
2866,U+6869
2867,U+4E50
2868,U+6A0A
2869,U+697C
2870,U+6A66
2871,U+6807
2873,U+67A2
2874,U+6A1F
2875,U+6A21
2876,U+6837
2877,U+69E5
2878,U+679E
2880,U+6A17
2882,U+6AA9
2884,U+6A35
2885,U+6811
2886,U+6A3D
2887,U+6A3E
2888,U+6A44
2889,U+6861
2890,U+6865
2891,U+6A50
2892,U+6A59
2893,U+6A5B
2895,U+6A61
2897,U+6A2A
2898,U+6A28
2899,U+67E0
2900,U+692D
2901,U+6866
2903,U+6A96
2904,U+6A58
2905,U+6A80
2906,U+67FD
2907,U+6A84
2908,U+6A90
2909,U+6863
2910,U+6867
2911,U+69DA
2913,U+6AA0
2914,U+68C0
2915,U+6A2F
2916,U+6AAC
2917,U+68BC
2919,U+69DF
2920,U+69DB
2924,U+6A79
2925,U+6988
2927,U+691F
2928,U+6A7C
2929,U+680E
2931,U+67A5
2932,U+6987
2933,U+68C2
2934,U+680A
2936,U+680F
2937,U+6A31
2938,U+6743
2940,U+683E
2941,U+6984
2943,U+67E9
2944,U+6B20
2945,U+6B21
2946,U+6B23
2948,U+6B32
2949,U+6B3E
2950,U+6B37
2951,U+6B39
2952,U+6B3A
2953,U+94A6
2955,U+6B43
2956,U+6B46
2957,U+6B47
2959,U+6B49
2960,U+6B4C
2962,U+6B27
2963,U+6B54
2965,U+6B59
2968,U+6B24
2970,U+6B22
2972,U+6B62
2973,U+6B63
2974,U+6B64
2975,U+6B65
2976,U+6B66
2977,U+6B6A
2978,U+6B67
2979,U+5C81
2980,U+5386
2981,U+5F52
2982,U+94AC
2983,U+6B79
2984,U+6B7B
2985,U+6B81
2987,U+6B82
2988,U+6B83
2989,U+6B84
2990,U+6B86
2991,U+6B89
2992,U+6B8A
2993,U+6B8D
2994,U+6B96
2995,U+6B8B
2996,U+6B95
2997,U+6B9B
2998,U+6B92
2999,U+6B87
3000,U+6B9A
3002,U+6BAA
3003,U+6B93
3004,U+6BA1
3005,U+6B7C
3006,U+9553
3007,U+6BB3
3008,U+6BB5
3009,U+6BB7
3010,U+6740
3013,U+6BBF
3014,U+6BC1
3015,U+6BC5
3016,U+6BB4
3017,U+6935
3018,U+6BCD
3019,U+6BCB
3020,U+6BCF
3021,U+6BD2
3022,U+6BD3
3024,U+6BD4
3025,U+6BD6
3026,U+6BD7
3028,U+9CA3
3029,U+6BDB
3030,U+6BE1
3032,U+6BEB
3034,U+6BEF
3035,U+6BF3
3036,U+7266
3037,U+6C05
3039,U+6BF9
3042,U+6C0D
3044,U+6C0F
3045,U+6C10
3046,U+6C11
3047,U+6C13
3048,U+6C2F
3049,U+6C14
3050,U+6C1B
3052,U+6C24
3053,U+6C32
3054,U+6D60
3055,U+6C34
3057,U+6C38
3058,U+6C3E
3059,U+6C41
3060,U+6C40
3061,U+6C42
3063,U+6C57
3064,U+6C61
3065,U+6C5B
3066,U+6C5C
3067,U+6C5D
3068,U+6C5F
3069,U+6C60
3070,U+6C4A
3071,U+6C50
3072,U+6C54
3073,U+6C55
3074,U+6C5E
3075,U+6C68
3076,U+6C6A
3077,U+6C70
3078,U+6C72
3079,U+6C74
3080,U+6C76
3081,U+6C79
3083,U+6C7E
3084,U+6C81
3085,U+6C82
3086,U+6C7D
3087,U+6C83
3088,U+6C88
3089,U+6C89
3090,U+6C8C
3092,U+6C90
3093,U+6CA1
3094,U+6C94
3095,U+6C96
3097,U+6C99
3098,U+6C9A
3099,U+6C9B
3100,U+6C86
3101,U+6C93
3102,U+6C69
3103,U+6C6D
3104,U+6C85
3106,U+6CAB
3107,U+6CAE
3108,U+6CB1
3109,U+6CB3
3110,U+6CB8
3111,U+6CB9
3112,U+6CBB
3113,U+6CBC
3114,U+6CBD
3115,U+6CBE
3116,U+6CBF
3117,U+6D3A
3118,U+6CC4
3119,U+6CF5
3120,U+6CC5
3121,U+6CD4
3122,U+6CC6
3123,U+6CC9
3124,U+6CCA
3125,U+6CCC
3126,U+6CD3
3127,U+6CD5
3128,U+6CD7
3129,U+6D29
3131,U+6CDB
3132,U+6CE0
3133,U+6CE1
3134,U+6CE2
3135,U+6CE3
3136,U+6CE5
3137,U+6CE8
3138,U+6CEB
3139,U+6CEF
3140,U+6CEE
3141,U+6CF0
3142,U+6CF1
3144,U+6CF3
3145,U+6CAD
3147,U+6CD0
3148,U+6CD6
3150,U+6D04
3151,U+6D50
3152,U+6D0B
3153,U+6D55
3154,U+6D0E
3155,U+6D12
3156,U+6D17
3157,U+6D1B
3158,U+6D49
3159,U+6D1E
3160,U+6D25
3161,U+6D27
3162,U+6C67
3163,U+6D2A
3164,U+6D2B
3165,U+6D2E
3166,U+6D32
3167,U+6D31
3168,U+6D33
3169,U+6D35
3170,U+6D48
3171,U+6D38
3172,U+6D3B
3173,U+6D3C
3174,U+6D3D
3175,U+6D3E
3176,U+6D28
3177,U+6D41
3178,U+6D19
3179,U+6D1A
3180,U+6D39
3181,U+6D59
3182,U+6D5A
3183,U+6D63
3184,U+6D66
3185,U+6D69
3186,U+6D6A
3187,U+6D6E
3188,U+6D74
3189,U+6D77
3190,U+6D78
3191,U+6D43
3192,U+6D6C
3193,U+6CFE
3194,U+6D88
3195,U+6D89
3196,U+6DF3
3197,U+6D93
3198,U+6D94
3199,U+6D95
3200,U+6D9E
3201,U+6DA2
3202,U+6D61
3203,U+6D5C
3204,U+6D65
3205,U+6D82
3206,U+6D85
3207,U+6E5F
3208,U+6D91
3209,U+6DAF
3210,U+6DB2
3211,U+6DB5
3212,U+6DB8
3214,U+6DBF
3215,U+6DC5
3216,U+6DC6
3217,U+6DC7
3218,U+6DCB
3219,U+6DD1
3220,U+6E0A
3221,U+6DD8
3222,U+6DD9
3223,U+6CEA
3224,U+6DDD
3225,U+6DE1
3226,U+6DE4
3227,U+6DE6
3228,U+6D44
3229,U+6CA6
3230,U+6DEB
3231,U+6DEC
3232,U+6DEE
3233,U+6D5B
3234,U+6DF1
3235,U+83CF
3236,U+6DF7
3237,U+6E05
3238,U+6DF9
3239,U+6D45
3240,U+6DFB
3241,U+6D8E
3242,U+6DAA
3243,U+6DB4
3244,U+6DC0
3245,U+6DC4
3246,U+6DA0
3247,U+6DDE
3248,U+6D6F
3249,U+6DAD
3250,U+6EE7
3251,U+6DA3
3252,U+6E1A
3253,U+6E1B
3254,U+6E1D
3255,U+6E20
3256,U+6E21
3257,U+6E23
3258,U+6E24
3259,U+6E25
3260,U+6DA1
3261,U+6D4B
3262,U+6E2D
3263,U+6E2F
3265,U+6E34
3266,U+6E38
3267,U+6E3A
3268,U+6D51
3269,U+6E43
3270,U+6E44
3273,U+6E4D
3274,U+6E4E
3275,U+6E56
3276,U+6E58
3277,U+6E5B
3279,U+6E67
3280,U+6E6B
3281,U+6E6E
3282,U+6C64
3283,U+6E72
3285,U+6FC9
3288,U+6E53
3289,U+6E54
3290,U+6E5C
3293,U+6E90
3294,U+6E96
3295,U+6EB5
3296,U+6E9C
3297,U+6C9F
3298,U+6E9F
3299,U+6EA0
3300,U+6EA2
3302,U+6EA5
3303,U+6EA7
3305,U+6EAA
3306,U+6E29
3307,U+6EAF
3308,U+6EB1
3309,U+6EB2
3310,U+6EB6
3311,U+6EB7
3312,U+6EBA
3314,U+6EBD
3315,U+6EC1
3316,U+6EC2
3317,U+6EC3
3318,U+6CA7
3319,U+706D
3320,U+6ECB
3321,U+6DA4
3322,U+8365
3323,U+6ED1
3324,U+6ED3
3325,U+6ED4
3326,U+6ED5
3328,U+6E98
3329,U+6EC7
3330,U+6ED8
3333,U+6EDE
3334,U+6E17
3336,U+6EF4
3337,U+6CAA
3338,U+6D52
3339,U+6D11
3340,U+6EDA
3341,U+6EE1
3342,U+6E14
3343,U+6F02
3344,U+6F06
3345,U+6F0F
3346,U+6E89
3347,U+6F13
3348,U+6F14
3351,U+6F20
3352,U+6C49
3353,U+6D9F
3354,U+6F2A
3355,U+6F2B
3356,U+6E0D
3358,U+6DCC
3359,U+6F31
3360,U+6DA8
3361,U+6F33
3362,U+6E10
3363,U+6F3E
3364,U+6D46
3367,U+6EF9
3369,U+6F09
3370,U+6E8E
3371,U+6CA4
3372,U+6F26
3373,U+6F29
3374,U+6F2F
3375,U+6E86
3376,U+6F36
3377,U+6E87
3378,U+6F15
3379,U+988D
3380,U+6CFC
3381,U+6D01
3382,U+6F58
3383,U+6F5C
3384,U+6F5F
3385,U+6F62
3386,U+6DA7
3387,U+6DA6
3388,U+6F66
3389,U+6F6D
3390,U+6F6E
3391,U+6E83
3392,U+6F7C
3393,U+6F74
3394,U+6F78
3395,U+6F7A
3396,U+6DA9
3397,U+6F84
3398,U+6D47
3399,U+6D9D
3400,U+6F88
3401,U+6F94
3402,U+6F8C
3403,U+6F8E
3404,U+6F56
3405,U+6F9B
3406,U+6F5E
3410,U+6D54
3411,U+6F75
3412,U+6F8D
3413,U+6F82
3415,U+6CA9
3416,U+6FA1
3419,U+6CFD
3420,U+6D4D
3421,U+6FB3
3422,U+6FB9
3423,U+6FC0
3424,U+6D4A
3425,U+6FC2
3426,U+6D53
3427,U+6E11
3429,U+6EEA
3430,U+6FA7
3433,U+6FB4
3436,U+6FB6
3437,U+6FBC
3438,U+6CDE
3440,U+6E7F
3444,U+6D4E
3445,U+6FE0
3446,U+6FE1
3447,U+6D9B
3448,U+6EE5
3449,U+6FEC
3450,U+6FEE
3451,U+6FEF
3452,U+6F4D
3453,U+6EE8
3454,U+6CFB
3456,U+6FDE
3457,U+6E85
3458,U+6CFA
3459,U+6EE4
3460,U+6E0E
3461,U+6D4F
3462,U+7011
3464,U+6FD2
3466,U+701A
3467,U+701B
3468,U+6CA5
3469,U+6F47
3471,U+6FD1
3472,U+6CF8
3474,U+7023
3475,U+703C
3477,U+700D
3478,U+6CF7
3481,U+6F4B
3482,U+6F9C
3484,U+6E81
3485,U+7039
3487,U+704C
3488,U+6CA3
3490,U+6EE0
3492,U+6EE9
3493,U+704F
3494,U+6E7E
3495,U+6EDF
3496,U+705E
3497,U+6EE6
3498,U+70B8
3499,U+706B
3500,U+7070
3501,U+7076
3502,U+7078
3503,U+707F
3504,U+707C
3506,U+707E
3507,U+708A
3508,U+708E
3509,U+7092
3510,U+7095
3511,U+7099
3512,U+7098
3513,U+709E
3514,U+70AB
3515,U+70AC
3516,U+70AD
3517,U+70AE
3518,U+70AF
3520,U+70B1
3521,U+70B3
3522,U+70B7
3524,U+7551
3525,U+70C8
3527,U+4E4C
3529,U+70D9
3530,U+70D8
3531,U+70DC
3532,U+70DD
3533,U+70DF
3534,U+70F9
3535,U+70FA
3536,U+70FD
3537,U+710C
3538,U+7119
3539,U+711A
3540,U+711C
3542,U+7126
3543,U+7130
3544,U+7136
3546,U+7120
3547,U+7109
3548,U+7145
3549,U+710A
3550,U+70BC
3551,U+714A
3552,U+714C
3553,U+714E
3554,U+716E
3555,U+709C
3556,U+7199
3558,U+715C
3559,U+715E
3560,U+8315
3561,U+7164
3562,U+7115
3563,U+7166
3564,U+7167
3565,U+70E6
3566,U+7168
3568,U+7080
3569,U+717D
3571,U+7184
3574,U+718A
3575,U+718F
3576,U+8367
3578,U+719F
3579,U+7194
3580,U+71A8
3581,U+71AC
3583,U+70ED
3584,U+71A0
3585,U+988E
3588,U+71B9
3589,U+70BD
3594,U+70EB
3595,U+71C3
3597,U+706F
3598,U+71CE
3599,U+70E7
3600,U+71D4
3601,U+71D5
3602,U+8425
3603,U+71E0
3604,U+71E5
3606,U+71E7
3608,U+70DB
3610,U+71EE
3611,U+71F9
3612,U+70EC
3613,U+71FF
3614,U+7118
3615,U+7206
3617,U+70C1
3619,U+7089
3620,U+70C2
3622,U+721D
3623,U+721F
3624,U+712E
3625,U+7096
3626,U+7116
3627,U+7228
3628,U+70E4
3629,U+722A
3630,U+4E89
3632,U+722C
3633,U+7230
3634,U+4E3A
3635,U+7235
3636,U+7751
3637,U+7236
3638,U+7239
3639,U+7237
3640,U+7238
3641,U+723B
3642,U+723D
3644,U+8DBC
3645,U+723F
3647,U+7242
3648,U+7241
3650,U+85E0
3651,U+7247
3652,U+7248
3654,U+724C
3655,U+7252
3657,U+7256
3658,U+724D
3660,U+7259
3661,U+80BC
3662,U+725B
3663,U+725D
3664,U+725F
3665,U+7261
3666,U+7262
3667,U+7263
3668,U+7267
3670,U+7269
3672,U+726F
3673,U+7272
3674,U+728B
3675,U+7277
3676,U+7279
3677,U+7275
3679,U+7280
3680,U+7281
3682,U+728D
3683,U+7292
3684,U+8366
3685,U+728A
3686,U+727A
3689,U+72AC
3690,U+72AF
3691,U+72B4
3692,U+72B6
3693,U+72C2
3694,U+72C3
3695,U+72C4
3696,U+72C1
3697,U+72CE
3698,U+72D0
3699,U+72D7
3700,U+72D9
3701,U+72E1
3703,U+72E0
3704,U+72E9
3705,U+72F4
3706,U+72F8
3707,U+72ED
3708,U+72FC
3709,U+72C8
3710,U+72FB
3711,U+72FA
3712,U+72F7
3713,U+72E2
3714,U+7301
3715,U+7316
3716,U+7317
3717,U+72F0
3718,U+731B
3719,U+731C
3720,U+731D
3721,U+731E
3722,U+730A
3724,U+7322
3725,U+7325
3726,U+7329
3727,U+732A
3728,U+732B
3729,U+7334
3730,U+72B9
3731,U+7337
3732,U+7314
3733,U+7331
3734,U+733A
3735,U+72F2
3736,U+733E
3737,U+733F
3739,U+72F1
3740,U+72EE
3741,U+734D
3742,U+7350
3743,U+7352
3744,U+7357
3747,U+72EC
3748,U+72EF
3749,U+736C
3750,U+7360
3751,U+72DD
3752,U+83B7
3753,U+736F
3755,U+72B7
3756,U+730E
3757,U+517D
3758,U+736D
3759,U+732E
3761,U+72DE
3762,U+7321
3763,U+7384
3764,U+7387
3767,U+9514
3768,U+7389
3769,U+738B
3771,U+7395
3772,U+7394
3773,U+7396
3774,U+739F
3775,U+73A0
3776,U+73A2
3777,U+73A6
3778,U+73CF
3779,U+73A9
3780,U+73AB
3781,U+73B2
3782,U+73B3
3783,U+73B7
3784,U+73C2
3786,U+73C8
3787,U+73C9
3788,U+73BB
3789,U+73C0
3790,U+73CA
3791,U+73CD
3794,U+73DE
3796,U+73E0
3797,U+73D9
3798,U+73D6
3799,U+73E5
3800,U+73E3
3801,U+73E9
3802,U+73EA
3803,U+73ED
3804,U+73E7
3805,U+73EE
3806,U+73FD
3807,U+73B0
3808,U+7403
3809,U+7405
3810,U+7406
3811,U+7407
3812,U+7409
3813,U+73F6
3815,U+740A
3816,U+7415
3818,U+741A
3819,U+741B
3820,U+7422
3821,U+7424
3822,U+7425
3823,U+7426
3824,U+7428
3825,U+742A
3827,U+742E
3828,U+742F
3829,U+7433
3830,U+7434
3831,U+7436
3832,U+7435
3834,U+742C
3836,U+7432
3837,U+73AE
3838,U+7455
3839,U+7459
3840,U+745A
3841,U+745B
3842,U+745C
3843,U+745E
3844,U+745F
3847,U+7441
3850,U+7457
3851,U+7410
3852,U+7476
3853,U+83B9
3854,U+739B
3855,U+7470
3856,U+73B1
3859,U+7471
3862,U+7480
3863,U+7483
3864,U+748B
3866,U+747E
3868,U+7486
3871,U+740E
3872,U+7487
3873,U+7490
3874,U+749C
3875,U+7391
3876,U+7498
3877,U+749E
3878,U+749F
3879,U+74A0
3880,U+74A7
3881,U+74A8
3883,U+73AF
3885,U+73F0
3886,U+73BA
3887,U+74B2
3888,U+7478
3889,U+7399
3891,U+73D1
3892,U+748E
3895,U+74D2
3900,U+74DC
3901,U+74DE
3902,U+74E0
3903,U+74E2
3904,U+74E3
3905,U+74E4
3907,U+74E6
3908,U+74EE
3909,U+74F4
3910,U+74F6
3911,U+74F7
3912,U+74FB
3913,U+7503
3914,U+7504
3916,U+74FF
3917,U+74EF
3918,U+750D
3920,U+7511
3921,U+7513
3926,U+74E9
3927,U+7518
3928,U+751A
3929,U+751C
3931,U+5494
3932,U+751F
3933,U+7521
3934,U+4EA7
3935,U+7525
3936,U+7526
3938,U+7528
3939,U+752A
3940,U+752B
3941,U+752C
3942,U+752F
3943,U+7529
3944,U+7530
3945,U+7531
3946,U+7532
3947,U+7533
3948,U+7537
3949,U+7538
3951,U+753E
3952,U+7540
3953,U+754B
3954,U+754C
3955,U+754E
3956,U+754F
3957,U+753A
3961,U+7554
3962,U+755A
3963,U+755B
3964,U+755C
3965,U+4EA9
3966,U+7559
3968,U+6BD5
3969,U+7564
3970,U+7565
3971,U+7566
3972,U+756A
3973,U+753B
3974,U+756C
3975,U+756F
3978,U+6983
3979,U+7579
3981,U+5F53
3982,U+7578
3983,U+757F
3984,U+7586
3985,U+7574
3987,U+950E
3988,U+758B
3990,U+758F
3992,U+7591
3993,U+94AA
3994,U+7592
3995,U+7594
3996,U+75C3
3997,U+75C9
3998,U+759A
3999,U+759D
4000,U+75E0
4001,U+75A3
4002,U+75A4
4003,U+75A5
4004,U+75AB
4005,U+75C4
4006,U+75B2
4007,U+75B3
4008,U+75B4
4009,U+75B5
4010,U+75B8
4011,U+75B9
4012,U+75BC
4013,U+75BD
4014,U+75BE
4016,U+75C5
4017,U+75C7
4018,U+75C2
4019,U+75CA
4020,U+75B0
4021,U+75CD
4022,U+75D2
4023,U+75D4
4024,U+75D5
4025,U+75E7
4026,U+75D8
4027,U+75DB
4028,U+75DE
4029,U+75E3
4031,U+75E2
4032,U+75F1
4033,U+75F0
4034,U+75F3
4035,U+75F4
4036,U+75F9
4037,U+75FC
4039,U+75FF
4040,U+7600
4041,U+7601
4045,U+75AF
4046,U+75A1
4048,U+761D
4049,U+7610
4050,U+75EA
4051,U+7615
4053,U+7617
4054,U+761F
4055,U+7620
4056,U+75AE
4057,U+7622
4058,U+7624
4059,U+7625
4060,U+7626
4061,U+759F
4063,U+7638
4064,U+7630
4065,U+7633
4066,U+7634
4067,U+7635
4068,U+7618
4069,U+763C
4070,U+7597
4071,U+7643
4072,U+75E8
4073,U+75EB
4074,U+764C
4075,U+7656
4078,U+75A0
4079,U+7629
4080,U+765C
4081,U+7596
4085,U+762A
4086,U+763F
4087,U+75AC
4088,U+765E
4089,U+7663
4090,U+763E
4091,U+766F
4092,U+75C8
4093,U+762B
4094,U+766B
4095,U+7599
4096,U+7676
4097,U+7678
4098,U+767B
4099,U+53D1
4100,U+94B6
4101,U+767D
4102,U+767E
4103,U+7682
4104,U+7684
4105,U+7686
4106,U+7687
4107,U+7688
4108,U+768B
4109,U+768E
4110,U+7693
4111,U+7696
4114,U+7691
4115,U+76A4
4116,U+769E
4121,U+6C2A
4122,U+76AE
4123,U+76B4
4125,U+76B2
4126,U+76B1
4128,U+918C
4129,U+76BF
4130,U+76C2
4132,U+76C5
4133,U+76C6
4134,U+76C8
4135,U+76CA
4137,U+76CD
4138,U+76CE
4139,U+76D2
4140,U+76D4
4141,U+76DB
4142,U+76D7
4143,U+76DD
4144,U+76CF
4145,U+76DF
4147,U+5C3D
4148,U+76D1
4149,U+76D8
4150,U+76E5
4151,U+5362
4152,U+76E6
4155,U+76EA
4156,U+76EC
4157,U+86DE
4158,U+76EE
4159,U+76F2
4160,U+76F4
4161,U+76F8
4162,U+76FC
4163,U+76FE
4164,U+7701
4165,U+7704
4166,U+7707
4167,U+7708
4168,U+7709
4169,U+76EF
4170,U+770B
4171,U+76FB
4172,U+7728
4173,U+76F1
4174,U+776C
4175,U+771B
4176,U+771F
4177,U+7720
4178,U+7784
4180,U+7726
4181,U+7729
4182,U+7719
4183,U+772F
4184,U+7735
4186,U+7736
4187,U+7737
4188,U+7738
4189,U+773A
4190,U+773C
4192,U+7740
4194,U+7768
4195,U+7747
4197,U+7785
4199,U+775A
4200,U+775B
4201,U+7741
4202,U+7750
4203,U+777E
4204,U+7761
4205,U+7762
4206,U+7763
4207,U+7766
4208,U+776B
4209,U+778C
4211,U+7765
4212,U+7779
4213,U+777F
4214,U+7780
4217,U+778B
4219,U+778E
4220,U+7791
4221,U+7792
4222,U+77A0
4223,U+77AA
4224,U+77A5
4225,U+77A7
4226,U+77AC
4227,U+77B3
4229,U+77AD
4230,U+77B0
4231,U+7786
4232,U+77BB
4233,U+77BD
4234,U+77BF
4236,U+77CD
4237,U+772C
4238,U+77D7
4241,U+77A9
4242,U+772D
4243,U+77DB
4244,U+77DC
4245,U+77DE
4246,U+782C
4247,U+77E2
4248,U+77E3
4249,U+77E5
4250,U+77E7
4251,U+77E9
4252,U+77ED
4253,U+77EE
4255,U+77EB
4257,U+9574
4258,U+77F3
4260,U+77FC
4261,U+7806
4262,U+77FB
4263,U+7802
4264,U+7809
4265,U+780C
4266,U+780D
4267,U+7811
4268,U+7812
4269,U+782D
4270,U+781F
4271,U+7838
4272,U+7825
4273,U+65AB
4274,U+7826
4275,U+7834
4277,U+781C
4278,U+7827
4279,U+783C
4280,U+7830
4282,U+7814
4283,U+784E
4284,U+7841
4285,U+785D
4286,U+7856
4287,U+7817
4288,U+786B
4289,U+786C
4290,U+7898
4291,U+781A
4292,U+786E
4293,U+788D
4294,U+788C
4295,U+788E
4296,U+787C
4297,U+7897
4299,U+7887
4300,U+7894
4301,U+7891
4302,U+7893
4304,U+78A1
4306,U+7889
4307,U+7800
4308,U+789F
4309,U+78A3
4310,U+78A7
4311,U+7855
4312,U+78DC
4314,U+78B0
4316,U+7801
4317,U+78BE
4318,U+78C1
4319,U+78C5
4320,U+78CA
4321,U+7905
4322,U+78CB
4323,U+78D0
4324,U+78D9
4325,U+78D4
4326,U+78D5
4327,U+78C9
4328,U+7859
4329,U+78B4
4330,U+7875
4331,U+7816
4332,U+789B
4333,U+78E8
4334,U+78EC
4335,U+77F6
4336,U+78F2
4337,U+78FA
4338,U+7857
4339,U+7901
4340,U+78F7
4342,U+7840
4345,U+77FE
4346,U+7933
4347,U+78F4
4349,U+77FF
4350,U+783A
4351,U+783E
4352,U+783B
4353,U+7934
4354,U+78B1
4355,U+793A
4356,U+793D
4357,U+793E
4358,U+7940
4359,U+7941
4360,U+7946
4361,U+7947
4362,U+7948
4363,U+7949
4366,U+794A
4368,U+7950
4369,U+7953
4371,U+7956
4373,U+795A
4374,U+795B
4375,U+795C
4376,U+795D
4377,U+795E
4378,U+795F
4379,U+7960
4381,U+7972
4382,U+7965
4383,U+7967
4384,U+7968
4385,U+796D
4388,U+797A
4389,U+7984
4390,U+7980
4391,U+7981
4393,U+7978
4394,U+796F
4395,U+798F
4396,U+7998
4397,U+798A
4400,U+794E
4401,U+7943
4404,U+79A0
4406,U+79A7
4407,U+7985
4409,U+793C
4410,U+7962
4411,U+7977
4412,U+79B3
4414,U+94FC
4415,U+79B8
4416,U+79B9
4417,U+79BA
4418,U+79BB
4419,U+79BD
4420,U+9567
4421,U+79BE
4422,U+79C3
4423,U+79C0
4424,U+79C1
4426,U+79C9
4427,U+79C6
4428,U+79CB
4429,U+79CD
4430,U+79D1
4431,U+79D5
4432,U+79D2
4434,U+79D8
4436,U+79DF
4438,U+79E3
4439,U+79E4
4440,U+79E6
4441,U+79E7
4442,U+79E9
4443,U+79EB
4444,U+79ED
4447,U+79F8
4448,U+79FB
4449,U+7A00
4450,U+7A02
4451,U+7A0E
4453,U+7A0B
4455,U+7A0D
4457,U+7A14
4458,U+7A17
4459,U+7A1E
4460,U+7A1A
4464,U+7A20
4466,U+7A39
4468,U+79F0
4469,U+7A37
4470,U+7A3B
4471,U+7A3C
4472,U+7A3D
4473,U+7A3F
4475,U+7A44
4476,U+7A46
4479,U+7A23
4480,U+79EF
4481,U+9896
4482,U+7A57
4484,U+7A51
4486,U+79FD
4487,U+79FE
4489,U+7A33
4491,U+7A5E
4492,U+7A70
4493,U+7F71
4494,U+7A74
4496,U+7A76
4497,U+7A78
4498,U+7A79
4499,U+7A81
4500,U+7A7A
4502,U+7A7F
4503,U+7A80
4504,U+7A84
4505,U+7A85
4506,U+7A86
4507,U+7A88
4510,U+7A92
4511,U+7A95
4512,U+7A96
4514,U+7A97
4515,U+7A98
4516,U+7A9F
4517,U+7AA0
4518,U+7AA8
4519,U+7A9D
4521,U+7AAC
4522,U+7A77
4523,U+7A91
4524,U+7AB3
4525,U+7A8E
4526,U+7AAD
4527,U+7AB8
4528,U+7AA3
4529,U+7AA5
4530,U+7ABE
4533,U+7A9C
4534,U+7A8D
4535,U+7AA6
4537,U+7A83
4538,U+8497
4539,U+7ACB
4540,U+7AD1
4541,U+7AD9
4544,U+7ADF
4545,U+7AE0
4546,U+7AE3
4547,U+7AE5
4548,U+7AE6
4549,U+7AD6
4550,U+7AED
4551,U+7AEF
4552,U+7ADE
4553,U+94D1
4554,U+7AF9
4555,U+7AFA
4556,U+7AFD
4557,U+7AFF
4558,U+7B04
4559,U+7B08
4560,U+7B0A
4561,U+7B0F
4562,U+7B11
4563,U+7B19
4564,U+7B1B
4565,U+7B1E
4566,U+7B24
4567,U+7B20
4568,U+7B25
4569,U+7B26
4570,U+7B28
4571,U+7B0B
4572,U+7B2A
4573,U+7B2B
4574,U+7B2C
4575,U+7B2E
4576,U+7B06
4578,U+7B31
4579,U+7B33
4580,U+7B45
4581,U+7B14
4582,U+7B47
4583,U+7B49
4584,U+7B4A
4585,U+7B4B
4586,U+7B4C
4588,U+7B4E
4589,U+7B4F
4590,U+7B50
4591,U+7B51
4592,U+7B52
4594,U+7B54
4595,U+7B56
4596,U+7B60
4599,U+7B77
4600,U+7B15
4602,U+7B6E
4603,U+7B72
4605,U+7B75
4607,U+7B71
4608,U+7B3A
4611,U+7B8D
4612,U+7B87
4613,U+7B94
4614,U+7B95
4615,U+7B97
4617,U+7B9D
4619,U+7BA1
4620,U+7B5D
4621,U+7B90
4625,U+7B9C
4627,U+7BAC
4628,U+7BAD
4630,U+7BB1
4631,U+7BB4
4632,U+7BB8
4634,U+8282
4635,U+7BC1
4637,U+7BC6
4638,U+7BC7
4640,U+7BA7
4643,U+7BD9
4644,U+7BDA
4645,U+7BDD
4646,U+7B7F
4647,U+7BE1
4648,U+7B03
4652,U+7B5B
4653,U+7BE6
4654,U+7BEA
4655,U+7BF2
4656,U+7B5A
4659,U+7BF7
4660,U+7BA6
4661,U+7C15
4662,U+7C07
4663,U+7C0B
4664,U+7BD3
4665,U+7C0C
4666,U+7C0F
4667,U+7BCC
4668,U+7BFE
4669,U+7C03
4672,U+7C1F
4673,U+7BAA
4674,U+7C20
4675,U+7B80
4676,U+7BD1
4678,U+7C26
4679,U+7C27
4681,U+7C2A
4682,U+7BAB
4684,U+7C38
4687,U+7B7E
4689,U+7C3F
4691,U+7BEE
4693,U+7B79
4694,U+7C4D
4696,U+7C50
4699,U+7C40
4700,U+7B93
4702,U+7BEF
4703,U+7BA8
4704,U+7C41
4705,U+7B3C
4710,U+7B3E
4712,U+7BA9
4713,U+7BF1
4716,U+7BF0
4717,U+7C73
4720,U+7C89
4721,U+7C92
4722,U+7C95
4723,U+7C97
4724,U+7C98
4725,U+7C9F
4726,U+7CA2
4727,U+7CA4
4728,U+7CA5
4729,U+7C7C
4731,U+7CB1
4732,U+7CB2
4733,U+7CB9
4734,U+7CB3
4736,U+7CBC
4737,U+7CBE
4738,U+7CC8
4739,U+7CCA
4741,U+7CD5
4742,U+7CC7
4743,U+7CD6
4744,U+7CD7
4745,U+7CDC
4746,U+7CC1
4747,U+7CAA
4748,U+7CDF
4749,U+7CE0
4750,U+7C7D
4751,U+7CD9
4754,U+7CEF
4755,U+7C9D
4756,U+7C74
4757,U+7C91
4759,U+7C9C
4761,U+7CF8
4762,U+7CFB
4763,U+7EA0
4764,U+7EAA
4765,U+7EA3
4766,U+7EA6
4767,U+7EA2
4768,U+7EA1
4769,U+7EA5
4770,U+7EA8
4771,U+7EAB
4772,U+7D0A
4773,U+7EB9
4775,U+7F10
4777,U+7EB4
4780,U+7EB3
4781,U+7EBD
4782,U+7EBE
4783,U+7EAF
4784,U+7EB1
4785,U+7EAE
4786,U+7EB8
4787,U+7EA7
4788,U+7EB7
4789,U+7EAD
4790,U+7D20
4791,U+7EBA
4792,U+7D22
4793,U+7D2B
4794,U+7F0F
4797,U+7D2F
4798,U+7EC6
4799,U+7F29
4800,U+7EC5
4801,U+7ECD
4802,U+7EC0
4803,U+7ECB
4805,U+7ED0
4806,U+7ECC
4807,U+7EC8
4809,U+7EC4
4810,U+7ECA
4811,U+7EC2
4814,U+7ED3
4815,U+7EDD
4818,U+7ED4
4819,U+7EDE
4820,U+7EDC
4821,U+7EDA
4822,U+7ED9
4823,U+7ED2
4825,U+7D6E
4826,U+7ED6
4827,U+7EDF
4828,U+4E1D
4829,U+7EDB
4831,U+7EE2
4834,U+7ED1
4835,U+7EE8
4836,U+7EE3
4837,U+7EE0
4840,U+7EE5
4842,U+7ECF
4843,U+7EE1
4844,U+7EFC
4845,U+7EFF
4846,U+7EF8
4847,U+7DA6
4848,U+7EBF
4849,U+7EF6
4850,U+7EF4
4851,U+7DAE
4852,U+7EFE
4854,U+7EB2
4855,U+7EF7
4856,U+7F00
4858,U+7EB6
4859,U+7EFA
4860,U+7EEE
4861,U+7EFD
4862,U+7EF0
4866,U+7EEB
4867,U+7F01
4868,U+7D27
4869,U+7EEF
4870,U+7EFB
4872,U+7EEA
4873,U+7F04
4874,U+7F09
4875,U+7EF5
4876,U+7F0E
4877,U+7F14
4878,U+7F18
4880,U+7F0C
4882,U+7F16
4883,U+7F13
4884,U+7F05
4885,U+7EAC
4886,U+7EC3
4888,U+7F0A
4889,U+7F03
4891,U+7F17
4893,U+7F08
4895,U+7F07
4896,U+8426
4897,U+7F19
4898,U+7F22
4899,U+7F12
4900,U+7EC9
4901,U+7F1E
4902,U+7F1A
4903,U+7F1C
4904,U+7F1B
4905,U+53BF
4906,U+7F23
4907,U+7E41
4908,U+7F1F
4911,U+7F1D
4912,U+7EB5
4913,U+7F27
4915,U+7F26
4916,U+7D77
4917,U+7F15
4918,U+7F25
4919,U+7E3B
4920,U+603B
4921,U+7EE9
4923,U+7F2B
4924,U+7F2A
4925,U+7E47
4926,U+7F21
4930,U+7EC7
4931,U+7F2E
4933,U+7F2D
4935,U+7ED5
4938,U+7F2F
4939,U+7EF3
4940,U+7ED8
4942,U+8327
4943,U+7F30
4944,U+7F33
4945,U+7F34
4946,U+7ECE
4947,U+8FAB
4949,U+7EE7
4951,U+7E82
4952,U+7F24
4953,U+7F31
4955,U+98A3
4956,U+7F2C
4957,U+7F35
4958,U+7EED
4960,U+7EA4
4961,U+7F20
4962,U+7EA9
4964,U+7F28
4966,U+7E9B
4968,U+7F06
4969,U+7EE6
4970,U+7F36
4971,U+7F38
4972,U+7F3A
4977,U+7F44
4978,U+7F45
4981,U+7F42
4982,U+7F4D
4984,U+7F50
4986,U+7F51
4987,U+7F54
4988,U+7F55
4989,U+7F58
4992,U+7F5F
4993,U+7F61
4996,U+7F69
4997,U+7F6A
4999,U+7F6E
5000,U+7F5A
5001,U+7F68
5002,U+7F72
5006,U+9A82
5007,U+7F62
5008,U+7F79
5010,U+7F7D
5012,U+7F57
5013,U+7F74
5015,U+7F81
5016,U+9CD3
5017,U+7F8A
5018,U+7F8C
5019,U+7F8E
5020,U+7F91
5021,U+7F94
5024,U+7F9A
5025,U+7F9D
5026,U+7F9E
5028,U+7FA4
5029,U+7FA1
5030,U+4E49
5031,U+7FAF
5032,U+7FB2
5033,U+7FA7
5035,U+7FB8
5036,U+7FB9
5037,U+7FBC
5038,U+7FBD
5039,U+7FC0
5040,U+7FC1
5041,U+7FC5
5042,U+7FCA
5043,U+7FCC
5044,U+7FCE
5045,U+4E60
5046,U+7FD4
5047,U+7FD5
5049,U+7FDF
5050,U+7FE0
5051,U+7FE1
5053,U+7FE5
5054,U+7FE6
5055,U+7FE9
5056,U+7FBF
5057,U+7FDA
5058,U+7FEE
5060,U+7FF0
5061,U+7FF3
5062,U+7FD8
5063,U+7FF1
5064,U+7FFB
5065,U+7FFC
5069,U+8000
5070,U+55B1
5071,U+8001
5072,U+8003
5073,U+8004
5074,U+8005
5075,U+8006
5077,U+800B
5079,U+800C
5080,U+800D
5082,U+8010
5084,U+5521
5085,U+8012
5086,U+8014
5087,U+8015
5088,U+8017
5089,U+8018
5090,U+8019
5091,U+801C
5092,U+8022
5095,U+8029
5096,U+8026
5097,U+8028
5098,U+8027
5099,U+8030
5100,U+948C
5101,U+8033
5102,U+8036
5103,U+803B
5104,U+803D
5105,U+803F
5106,U+8043
5107,U+8046
5108,U+804A
5109,U+8052
5110,U+5723
5111,U+8058
5112,U+805A
5113,U+95FB
5114,U+8054
5115,U+806A
5116,U+58F0
5117,U+8038
5118,U+8069
5119,U+8042
5120,U+804C
5122,U+804B
5123,U+5549
5124,U+807F
5125,U+8084
5126,U+8083
5127,U+8086
5128,U+8087
5129,U+5464
5130,U+998F
5131,U+8089
5132,U+808B
5133,U+808C
5134,U+8093
5135,U+8096
5136,U+8098
5137,U+809A
5138,U+809B
5139,U+809D
5140,U+80A1
5141,U+80A2
5142,U+80A5
5143,U+80FA
5144,U+80A9
5145,U+80AB
5146,U+80AF
5147,U+80B1
5148,U+80B2
5149,U+80B4
5150,U+670A
5151,U+80BA
5152,U+80C3
5153,U+80C4
5154,U+80CC
5155,U+80C2
5156,U+80D4
5157,U+80CD
5158,U+80CE
5160,U+80D6
5161,U+80D9
5162,U+80DA
5163,U+80F3
5164,U+80DD
5165,U+80DE
5166,U+80F0
5167,U+8112
5168,U+80ED
5169,U+80EF
5170,U+80E1
5171,U+80E5
5172,U+80F8
5173,U+80FC
5174,U+80FD
5175,U+80FE
5176,U+8102
5177,U+817A
5178,U+80C1
5180,U+80F1
5182,U+810A
5183,U+811A
5184,U+8118
5185,U+80EB
5186,U+8106
5187,U+8148
5189,U+8127
5190,U+8129
5191,U+81A8
5192,U+8131
5193,U+812C
5194,U+812F
5195,U+80C0
5196,U+813E
5197,U+8146
5198,U+814A
5199,U+814B
5200,U+80BE
5201,U+8150
5202,U+8151
5203,U+8153
5204,U+8154
5205,U+8155
5206,U+8165
5207,U+8111
5208,U+8174
5209,U+80BF
5210,U+816E
5211,U+813F
5212,U+8170
5213,U+8171
5214,U+80A0
5215,U+8179
5216,U+8160
5217,U+817F
5218,U+8180
5219,U+8182
5220,U+8169
5221,U+818F
5222,U+80B7
5224,U+8188
5225,U+818A
5226,U+8158
5227,U+80A4
5228,U+819B
5229,U+819C
5230,U+819D
5231,U+80F6
5232,U+817B
5234,U+81B3
5235,U+81BA
5238,U+81BB
5239,U+810D
5240,U+8113
5241,U+81C0
5242,U+81C2
5244,U+81C6
5245,U+8138
5246,U+81CA
5247,U+8110
5250,U+81C3
5251,U+80EA
5253,U+810F
5254,U+8114
5255,U+80E4
5256,U+81E3
5257,U+5367
5258,U+81E7
5259,U+4E34
5260,U+680C
5261,U+81EA
5262,U+81EC
5263,U+81ED
5266,U+9565
5267,U+81F3
5268,U+81F4
5271,U+81FB
5272,U+6C07
5273,U+81FC
5274,U+81FE
5275,U+8201
5276,U+8200
5277,U+8202
5278,U+8204
5279,U+8205
5280,U+4E0E
5281,U+5174
5282,U+4E3E
5283,U+65E7
5285,U+645E
5286,U+820C
5287,U+820D
5288,U+8210
5289,U+8212
5290,U+8218
5291,U+8216
5292,U+821B
5293,U+821C
5294,U+821E
5296,U+9545
5297,U+821F
5299,U+8221
5300,U+822A
5301,U+822C
5302,U+822B
5304,U+8237
5305,U+8235
5306,U+8236
5307,U+8239
5308,U+8238
5310,U+8233
5311,U+8234
5312,U+8247
5313,U+824B
5314,U+8244
5318,U+8258
5319,U+8231
5320,U+8223
5321,U+825F
5322,U+8268
5324,U+8230
5325,U+823B
5326,U+9176
5327,U+826E
5328,U+826F
5329,U+8270
5330,U+9494
5331,U+8272
5333,U+8273
5335,U+8278
5336,U+827D
5337,U+827E
5338,U+8283
5339,U+8284
5340,U+828A
5341,U+828B
5342,U+828D
5343,U+828E
5344,U+8291
5345,U+8292
5346,U+8299
5347,U+829D
5348,U+829F
5349,U+82A1
5350,U+827F
5351,U+82A4
5352,U+82A7
5353,U+82A8
5354,U+82A5
5355,U+82A9
5356,U+82AA
5357,U+82AB
5358,U+82AC
5359,U+82AD
5360,U+82AE
5361,U+82AF
5362,U+82B0
5363,U+82B1
5364,U+82B3
5365,U+82B7
5366,U+82B8
5367,U+82B9
5368,U+520D
5369,U+82BC
5370,U+82BD
5371,U+839C
5372,U+82BE
5373,U+82D1
5374,U+8306
5375,U+82D2
5376,U+82D3
5377,U+82D4
5378,U+82D5
5379,U+82D7
5380,U+82C4
5381,U+82DB
5382,U+82DC
5383,U+82DE
5384,U+82DF
5385,U+82E3
5386,U+82E1
5387,U+82E5
5388,U+82E6
5389,U+82CE
5390,U+82EB
5391,U+82F1
5392,U+82F4
5393,U+82F9
5394,U+82FB
5396,U+82FE
5397,U+8300
5398,U+8301
5399,U+8302
5400,U+8303
5401,U+8304
5402,U+8308
5403,U+8305
5404,U+8307
5406,U+8309
5407,U+8317
5408,U+8354
5409,U+831C
5412,U+8328
5413,U+832B
5414,U+832D
5415,U+832F
5416,U+8331
5417,U+5179
5418,U+8334
5419,U+8335
5420,U+8336
5422,U+8338
5423,U+8339
5424,U+8340
5425,U+8343
5426,U+8404
5427,U+8346
5428,U+8378
5429,U+8347
5430,U+8349
5432,U+834F
5433,U+8350
5434,U+8351
5435,U+8352
5436,U+831D
5437,U+8344
5440,U+8377
5441,U+837B
5442,U+837C
5443,U+837D
5444,U+8385
5446,U+838E
5447,U+8392
5448,U+8393
5449,U+830E
5450,U+8398
5451,U+839E
5452,U+83A0
5453,U+835A
5454,U+82CB
5455,U+8386
5456,U+83A8
5457,U+83A9
5458,U+83AA
5459,U+83AB
5460,U+83DF
5461,U+8389
5462,U+83BD
5463,U+83C0
5464,U+83C1
5465,U+83C5
5466,U+83C7
5468,U+83CA
5469,U+83D1
5471,U+83D6
5472,U+83D4
5473,U+83D8
5474,U+83E0
5475,U+83DC
5476,U+83E9
5477,U+5807
5478,U+534E
5479,U+83F0
5480,U+83F1
5481,U+83F2
5483,U+8399
5484,U+83F9
5485,U+83FC
5486,U+83FD
5487,U+8401
5488,U+8403
5489,U+841C
5490,U+83B1
5491,U+840B
5492,U+840C
5493,U+840D
5494,U+840E
5495,U+9FBF
5496,U+83E1
5497,U+83CC
5498,U+8429
5500,U+82CC
5501,U+843C
5503,U+8431
5504,U+83B4
5505,U+8438
5506,U+8439
5507,U+843D
5508,U+8446
5510,U+83F8
5511,U+8457
5513,U+845A
5514,U+845B
5515,U+8461
5516,U+8463
5517,U+82C7
5518,U+8469
5519,U+846B
5520,U+846C
5521,U+846D
5522,U+836F
5523,U+8471
5524,U+8473
5525,U+8475
5526,U+8364
5527,U+8478
5528,U+847A
5530,U+8482
5531,U+8451
5535,U+83B3
5536,U+8499
5537,U+849C
5538,U+84A1
5539,U+849E
5540,U+849F
5541,U+84A8
5543,U+84B2
5544,U+84B8
5545,U+84B9
5546,U+84BA
5547,U+82CD
5548,U+84BF
5549,U+836A
5550,U+84C1
5551,U+84C2
5552,U+84C4
5553,U+84C6
5554,U+84C9
5555,U+84CA
5556,U+76D6
5557,U+84D6
5558,U+84CD
5559,U+84CF
5560,U+84D1
5562,U+84D0
5563,U+84D3
5564,U+840F
5565,U+850C
5566,U+84AF
5570,U+84EC
5571,U+83B2
5572,U+84F0
5573,U+83BC
5575,U+853B
5576,U+852B
5577,U+8297
5578,U+84FC
5581,U+84FF
5583,U+8511
5584,U+857B
5585,U+8513
5587,U+8517
5588,U+851A
5589,U+848C
5591,U+8521
5592,U+848B
5593,U+836B
5594,U+8534
5596,U+8311
5598,U+835C
5599,U+853D
5600,U+852C
5601,U+857A
5603,U+8543
5604,U+8549
5605,U+854A
5606,U+835E
5607,U+83B8
5608,U+8556
5609,U+835B
5610,U+8559
5612,U+855E
5614,U+8489
5615,U+8568
5616,U+8361
5617,U+829C
5618,U+8427
5619,U+8570
5620,U+85AF
5621,U+8487
5622,U+8548
5624,U+8564
5626,U+84E3
5628,U+857E
5630,U+85A2
5631,U+8584
5632,U+8585
5633,U+8587
5634,U+835F
5636,U+84DF
5638,U+8537
5641,U+859B
5642,U+5B7D
5643,U+859C
5645,U+85A8
5646,U+8428
5647,U+85AA
5648,U+85A4
5649,U+8616
5650,U+858F
5651,U+85B0
5652,U+85B3
5653,U+85B9
5654,U+8360
5659,U+85C9
5660,U+8369
5661,U+85CF
5662,U+85D0
5663,U+84DD
5664,U+85C1
5665,U+85D5
5668,U+85DC
5669,U+827A
5671,U+85E4
5672,U+85E9
5674,U+85AE
5676,U+853C
5677,U+853A
5679,U+85FB
5681,U+85FF
5682,U+8572
5683,U+8605
5684,U+82A6
5685,U+82CF
5686,U+8574
5688,U+5914
5690,U+841A
5691,U+85D3
5692,U+8539
5693,U+830F
5694,U+8629
5695,U+5170
5698,U+8627
5699,U+8638
5700,U+841D
5701,U+863C
5704,U+8611
5705,U+864D
5706,U+864E
5707,U+8650
5709,U+8654
5710,U+5904
5711,U+865A
5712,U+864F
5713,U+865E
5714,U+53F7
5716,U+8662
5719,U+4E8F
5721,U+919A
5722,U+866B
5723,U+8671
5724,U+867B
5725,U+8679
5726,U+867A
5727,U+8693
5728,U+868D
5729,U+8695
5730,U+868A
5731,U+868B
5732,U+868C
5733,U+86A3
5734,U+86A4
5735,U+86A7
5736,U+86A9
5737,U+86AA
5738,U+86A8
5739,U+86AF
5740,U+86B0
5741,U+86B1
5742,U+869C
5743,U+86B6
5745,U+86C4
5746,U+86C0
5747,U+86C6
5748,U+86C7
5749,U+86C9
5750,U+86D1
5751,U+86CB
5752,U+86D9
5753,U+86DB
5754,U+86DF
5755,U+86B4
5756,U+86E4
5757,U+86E9
5758,U+86F1
5759,U+86ED
5760,U+86FE
5761,U+86D8
5762,U+8702
5763,U+8703
5764,U+8707
5765,U+8708
5767,U+8713
5768,U+86F8
5769,U+86F9
5770,U+8715
5771,U+8700
5772,U+8709
5773,U+870D
5774,U+870A
5776,U+8718
5777,U+871A
5778,U+871C
5779,U+8721
5780,U+8723
5781,U+8729
5782,U+8725
5783,U+8712
5784,U+86D4
5785,U+8734
5786,U+871E
5788,U+8782
5789,U+8722
5790,U+872E
5791,U+874E
5792,U+86D0
5793,U+8680
5794,U+8757
5795,U+8758
5796,U+8759
5797,U+8705
5798,U+732C
5799,U+8760
5800,U+873F
5801,U+8765
5802,U+867E
5803,U+876E
5805,U+8776
5806,U+8737
5807,U+87EE
5808,U+873B
5809,U+874C
5811,U+873E
5812,U+8763
5813,U+877B
5814,U+8774
5815,U+8717
5816,U+878D
5817,U+8813
5818,U+8682
5819,U+87A8
5820,U+879F
5821,U+8424
5823,U+869D
5824,U+8783
5825,U+86F3
5826,U+87AB
5828,U+87BA
5829,U+877C
5830,U+87BD
5832,U+86F0
5833,U+87CA
5834,U+87AC
5835,U+87AD
5837,U+87AF
5838,U+87B3
5839,U+87C0
5840,U+87C6
5841,U+8748
5842,U+87CB
5843,U+866E
5844,U+87EA
5845,U+87D2
5846,U+87DB
5847,U+87E0
5848,U+8749
5851,U+87F9
5852,U+8681
5853,U+87FE
5855,U+86CF
5856,U+8803
5858,U+8683
5859,U+8747
5860,U+867F
5862,U+8815
5863,U+8816
5864,U+881B
5867,U+8821
5868,U+8822
5869,U+86CE
5870,U+87CF
5871,U+8839
5872,U+86CA
5873,U+8832
5875,U+86EE
5876,U+866C
5877,U+8840
5878,U+5627
5880,U+8844
5881,U+8845
5883,U+4F17
5886,U+569C
5887,U+884C
5888,U+884D
5891,U+8852
5894,U+8857
5895,U+8859
5898,U+536B
5899,U+8861
5900,U+8862
5902,U+8863
5903,U+8868
5904,U+886B
5905,U+8870
5906,U+8872
5907,U+8877
5908,U+8869
5910,U+887D
5911,U+887E
5912,U+887F
5913,U+8881
5914,U+8888
5915,U+888B
5916,U+888D
5917,U+8892
5918,U+8896
5920,U+889C
5924,U+88A4
5925,U+88AA
5926,U+88AB
5927,U+8882
5931,U+88B1
5932,U+88C1
5933,U+88C2
5934,U+8885
5935,U+88CE
5936,U+88C0
5938,U+88D2
5939,U+88D4
5940,U+88D5
5941,U+88D8
5942,U+88D9
5943,U+8865
5944,U+88C5
5945,U+88DF
5947,U+88E8
5949,U+88F0
5950,U+88F1
5951,U+88F3
5952,U+88F4
5953,U+88F8
5954,U+88FC
5955,U+88F9
5957,U+88FE
5959,U+890A
5960,U+88C8
5962,U+8902
5963,U+892A
5964,U+8910
5965,U+8913
5966,U+8886
5967,U+8919
5968,U+8921
5969,U+891A
5970,U+8925
5972,U+892B
5973,U+8930
5974,U+88E4
5975,U+8926
5977,U+8936
5978,U+4EB5
5980,U+8944
5981,U+886E
5982,U+8941
5983,U+88A2
5984,U+8884
5988,U+8912
5990,U+88E3
5991,U+88C6
5992,U+895F
5993,U+8966
5996,U+8934
5997,U+891B
6000,U+886C
6002,U+88AD
6004,U+8976
6006,U+897E
6007,U+897F
6008,U+8981
6009,U+8983
6010,U+8986
6014,U+954E
6015,U+89C1
6016,U+89C4
6017,U+89C5
6018,U+89C6
6019,U+89C7
6021,U+89CB
6022,U+89CE
6024,U+4EB2
6025,U+89CA
6026,U+89CF
6027,U+89D0
6028,U+89D1
6029,U+89C3
6030,U+89C9
6031,U+89C8
6032,U+89CC
6033,U+89CD
6034,U+89C2
6036,U+6C16
6037,U+89D2
6038,U+89D4
6039,U+89D6
6040,U+89DA
6043,U+89E3
6044,U+89E5
6046,U+89EB
6048,U+89F1
6049,U+89F3
6050,U+89DE
6051,U+89E6
6055,U+8418
6056,U+8A00
6057,U+8BA2
6058,U+8BA3
6059,U+8A07
6060,U+8BA1
6061,U+8BAF
6062,U+8BA8
6063,U+8BA6
6064,U+8BAD
6065,U+8BAA
6066,U+8BAB
6067,U+8BAC
6068,U+8BB0
6069,U+8BA7
6072,U+8BB1
6073,U+8BB9
6074,U+8BB6
6075,U+8BBC
6076,U+8BC0
6077,U+8BB7
6078,U+8BBF
6079,U+8BB8
6080,U+8BBE
6081,U+8BBB
6083,U+8BC9
6084,U+8BC3
6085,U+8BCA
6086,U+8BC1
6088,U+8A3E
6089,U+8BC2
6090,U+8BCB
6091,U+8A48
6093,U+8BB5
6094,U+8BC8
6095,U+8BD2
6096,U+8BCF
6097,U+8BC4
6099,U+8BCE
6100,U+8BC5
6101,U+8BCD
6103,U+8BE9
6104,U+8BE2
6105,U+8BE3
6107,U+8BD5
6108,U+8BD7
6109,U+8BE7
6110,U+8BDF
6111,U+8BE1
6112,U+8BE0
6113,U+8BD8
6114,U+8BDD
6115,U+8BE5
6116,U+8BE6
6117,U+8BD9
6118,U+8BD6
6119,U+8BD3
6120,U+8BD4
6121,U+8BDB
6124,U+8A79
6126,U+8BA4
6128,U+8BF3
6129,U+8A93
6130,U+8BDE
6131,U+8BF1
6132,U+8BEE
6133,U+8BED
6134,U+8BDA
6135,U+8BEB
6136,U+8BEC
6137,U+8BEF
6138,U+8BF0
6139,U+8BF5
6140,U+8BF2
6141,U+8BF4
6142,U+8C01
6143,U+8BFE
6144,U+8C07
6145,U+8BFD
6146,U+8C0A
6147,U+8A1A
6148,U+8C03
6149,U+8C04
6150,U+8C06
6151,U+8C08
6152,U+8BFF
6153,U+8BF7
6154,U+8BE4
6155,U+8BF9
6156,U+8C05
6157,U+8BFC
6158,U+8BBA
6159,U+8C02
6161,U+8C00
6162,U+8C1E
6163,U+8C1D
6166,U+8C14
6167,U+8C1B
6168,U+8C10
6169,U+8C0F
6170,U+8C15
6171,U+8C18
6172,U+8BB3
6173,U+8C19
6174,U+8BBD
6175,U+8BF8
6176,U+8C1A
6178,U+8C16
6179,U+8BFA
6180,U+8C0B
6181,U+8C12
6182,U+8C13
6183,U+8C0D
6186,U+8C0C
6187,U+8A8A
6188,U+8BCC
6190,U+8B07
6192,U+8C0E
6193,U+8C1C
6194,U+8C27
6195,U+8C11
6196,U+8C24
6197,U+8C26
6198,U+8C25
6199,U+8BB2
6200,U+8C22
6202,U+8C23
6204,U+8C21
6205,U+8B26
6206,U+8C1F
6207,U+8C2A
6208,U+8C2C
6209,U+8BB4
6210,U+8C28
6211,U+8C29
6216,U+8C32
6217,U+8BA5
6220,U+8C2E
6221,U+8BC6
6222,U+8C2F
6223,U+8C2D
6225,U+8C31
6226,U+8B66
6228,U+8C35
6229,U+8B6C
6230,U+8BD1
6231,U+8BAE
6232,U+8C34
6233,U+62A4
6234,U+8BEA
6235,U+8A89
6236,U+8BFB
6237,U+8C2B
6239,U+53D8
6241,U+96E0
6242,U+8A5F
6243,U+8C17
6244,U+8C36
6245,U+8BA9
6249,U+8C20
6250,U+8C33
6253,U+8C37
6255,U+8C41
6257,U+7847
6258,U+8C46
6259,U+5C82
6261,U+8C4C
6262,U+8C49
6263,U+8C47
6269,U+8C55
6270,U+8C5A
6272,U+8C61
6273,U+8C62
6274,U+8C68
6275,U+8C6A
6276,U+8C6B
6278,U+8C6D
6279,U+8C73
6281,U+94CC
6282,U+8C78
6283,U+8C79
6284,U+8C7A
6285,U+8C82
6286,U+8C86
6287,U+8C85
6288,U+8C89
6289,U+8C8A
6290,U+8C8C
6293,U+8C94
6295,U+8132
6296,U+8D1D
6297,U+8D1E
6298,U+8D1F
6299,U+8D22
6300,U+8D21
6302,U+8D2B
6303,U+8D27
6304,U+8D2A
6305,U+8D29
6306,U+8D2F
6307,U+8D23
6308,U+8D2E
6310,U+8D30
6311,U+8D35
6312,U+8D2C
6313,U+8D37
6314,U+4E70
6315,U+8D36
6316,U+8D39
6317,U+8D34
6318,U+8D3B
6319,U+8D38
6320,U+8D3A
6321,U+8D32
6322,U+8D33
6323,U+8D42
6324,U+8D41
6325,U+8D3F
6326,U+8D45
6327,U+8D44
6328,U+8D3E
6329,U+8D3C
6331,U+8D48
6332,U+8D4A
6333,U+5BBE
6334,U+8D47
6335,U+8D52
6336,U+8D49
6337,U+8D50
6339,U+8D4F
6340,U+8D4D
6341,U+8D54
6342,U+8D53
6343,U+8D24
6344,U+5356
6345,U+8D31
6346,U+8D4B
6347,U+8D28
6348,U+8D26
6350,U+8D4C
6351,U+8D56
6352,U+8D57
6354,U+8D5A
6355,U+8D59
6356,U+8D2D
6357,U+8D5B
6358,U+8D5C
6360,U+8D3D
6361,U+8D58
6362,U+8D60
6363,U+8D5E
6365,U+8D61
6366,U+8D62
6367,U+8D46
6368,U+8D43
6369,U+8D51
6370,U+8D4E
6372,U+8D5D
6373,U+8D63
6375,U+8D64
6376,U+8D66
6377,U+8D67
6378,U+8D6B
6379,U+8D6D
6380,U+8D6A
6381,U+9495
6382,U+8D70
6383,U+8D73
6384,U+8D74
6385,U+8D76
6386,U+8D77
6387,U+8D81
6388,U+8D84
6389,U+8D85
6390,U+8D8A
6392,U+8D75
6393,U+8DA3
6394,U+8D91
6395,U+8D8B
6396,U+8D9F
6397,U+848E
6398,U+8DB3
6399,U+8DB5
6400,U+8DBE
6402,U+8DBA
6405,U+8DCB
6407,U+8DCC
6408,U+8DCE
6409,U+8DCF
6410,U+8DD1
6412,U+8DD6
6413,U+8DDA
6414,U+8DDB
6415,U+8DDD
6417,U+8DEB
6418,U+8DDF
6420,U+8DE3
6421,U+8DE8
6422,U+8DEA
6423,U+8DEC
6424,U+8DEF
6425,U+8E29
6426,U+8DF3
6427,U+8DFD
6428,U+8E09
6429,U+8E0A
6431,U+8E0F
6432,U+8DF5
6433,U+8E14
6434,U+8E16
6435,U+8E1D
6436,U+8E1E
6437,U+8E22
6438,U+8E23
6439,U+8E27
6441,U+8E21
6442,U+8E1F
6443,U+8E2E
6446,U+8E35
6447,U+8E39
6448,U+8E53
6449,U+8E3D
6450,U+8E41
6451,U+8E42
6452,U+8E44
6453,U+8E31
6454,U+8E40
6455,U+8E50
6456,U+8E47
6457,U+8E48
6458,U+8E49
6459,U+8E4A
6460,U+8DC3
6461,U+8DC4
6462,U+8DF8
6464,U+8E59
6466,U+8E52
6471,U+8E6F
6472,U+8E72
6473,U+8E74
6474,U+8E76
6475,U+8DF7
6478,U+8E6C
6479,U+8E6D
6480,U+8E70
6481,U+8E81
6483,U+8E85
6484,U+8E87
6485,U+8DB8
6486,U+8E0C
6487,U+8DFB
6489,U+8E90
6490,U+8E2F
6492,U+8E2C
6494,U+8DF9
6495,U+8E51
6497,U+8E8F
6498,U+8E66
6500,U+8EAB
6501,U+8EAC
6502,U+8EAD
6503,U+8EB2
6504,U+8EAF
6507,U+8EBA
6508,U+8F66
6509,U+8F67
6510,U+8F68
6511,U+519B
6513,U+8F69
6514,U+8F6B
6515,U+8F6D
6516,U+8F6F
6517,U+8F71
6518,U+8F78
6519,U+8F74
6520,U+8F75
6521,U+8F77
6522,U+8F76
6523,U+8F7A
6524,U+8F7C
6525,U+8F83
6526,U+8F82
6528,U+8F7D
6531,U+8F7E
6532,U+8F84
6534,U+8F85
6535,U+8F7B
6538,U+8F86
6539,U+8F8E
6540,U+8F89
6541,U+8F8D
6542,U+8F87
6543,U+8F88
6544,U+8F6E
6545,U+8F8B
6547,U+8F8A
6549,U+8F91
6550,U+8F8F
6551,U+8F93
6553,U+8F90
6558,U+8F97
6559,U+8206
6560,U+6BC2
6561,U+8F96
6562,U+8F95
6564,U+8F98
6567,U+8F6C
6568,U+8F99
6569,U+8F7F
6575,U+8F70
6576,U+8F94
6577,U+8F79
6578,U+8F73
6580,U+8F9B
6581,U+8F9C
6582,U+8F9F
6584,U+8FA3
6586,U+529E
6587,U+8FA8
6588,U+8F9E
6589,U+8FA9
6590,U+802A
6591,U+8FB0
6592,U+8FB1
6593,U+519C
6594,U+72CD
6595,U+8FB5
6596,U+8FC2
6597,U+8FC4
6598,U+8FC5
6601,U+8FCE
6602,U+8FD1
6603,U+8FD3
6604,U+8FD4
6606,U+8FE2
6607,U+8FE4
6608,U+8FE5
6609,U+8FE6
6610,U+8FE8
6611,U+8FEA
6612,U+8FEB
6613,U+8FED
6614,U+9004
6615,U+8FF0
6617,U+8FF7
6618,U+8FF8
6619,U+8FF9
6620,U+8FFD
6621,U+8FFA
6622,U+9000
6623,U+9001
6624,U+9002
6625,U+9003
6626,U+9005
6627,U+9006
6628,U+900B
6629,U+902F
6630,U+900D
6631,U+900F
6632,U+9010
6633,U+9011
6634,U+9014
6635,U+8FF3
6636,U+9016
6637,U+9017
6638,U+8FD9
6639,U+901A
6640,U+901B
6641,U+901D
6642,U+901E
6643,U+901F
6644,U+9020
6645,U+9021
6646,U+9022
6647,U+8FDE
6648,U+902D
6649,U+902E
6651,U+8FDB
6652,U+9035
6653,U+9036
6654,U+9038
6656,U+903C
6657,U+9047
6658,U+9041
6659,U+9042
6660,U+9044
6661,U+903E
6663,U+8FD0
6664,U+904D
6665,U+8FC7
6666,U+904F
6667,U+9050
6668,U+9051
6669,U+9052
6670,U+9053
6671,U+8FBE
6672,U+8FDD
6673,U+9058
6674,U+9065
6675,U+905B
6676,U+900A
6677,U+9012
6678,U+8FDC
6680,U+9063
6681,U+9062
6683,U+9068
6685,U+906D
6686,U+906E
6688,U+8FDF
6689,U+9074
6690,U+9075
6692,U+8FC1
6693,U+9009
6695,U+9057
6697,U+8FBD
6698,U+907D
6699,U+907F
6700,U+9080
6701,U+8FC8
6702,U+9082
6703,U+8FD8
6705,U+8FE9
6706,U+9083
6707,U+9088
6708,U+8FB9
6709,U+903B
6710,U+9026
6711,U+75B1
6712,U+9091
6713,U+909B
6714,U+9097
6715,U+9099
6716,U+9095
6717,U+90A2
6719,U+90A3
6720,U+90A1
6721,U+90A6
6722,U+90A8
6723,U+90AA
6724,U+90A0
6725,U+90AF
6726,U+90B1
6728,U+90B4
6729,U+90B3
6730,U+90B5
6731,U+90B6
6732,U+90B8
6733,U+90B0
6734,U+90BD
6735,U+90C1
6736,U+90C5
6737,U+90C7
6738,U+90CA
6740,U+90C3
6741,U+90D7
6742,U+90C4
6744,U+90DB
6745,U+90CE
6746,U+90E1
6747,U+90E2
6748,U+90E4
6750,U+90DC
6751,U+90CF
6752,U+90E8
6753,U+90ED
6754,U+90F4
6755,U+90AE
6756,U+90EF
6757,U+90FD
6758,U+90FF
6759,U+9102
6760,U+90B9
6761,U+9104
6762,U+90AC
6763,U+4E61
6764,U+910C
6765,U+90E7
6766,U+9119
6768,U+9122
6769,U+911E
6770,U+9120
6771,U+911C
6772,U+9093
6774,U+90D1
6775,U+90BB
6776,U+9131
6777,U+90BA
6778,U+90D0
6779,U+90F8
6781,U+912F
6782,U+909D
6783,U+9142
6784,U+9143
6785,U+9146
6786,U+90E6
6787,U+90DD
6788,U+9149
6789,U+914A
6790,U+914B
6791,U+914C
6792,U+914D
6793,U+914E
6794,U+9152
6796,U+9157
6797,U+9162
6798,U+9165
6799,U+9163
6800,U+9164
6801,U+9161
6802,U+9169
6803,U+916A
6804,U+916C
6805,U+9172
6806,U+9175
6807,U+9177
6808,U+9178
6809,U+9174
6810,U+9179
6811,U+915E
6813,U+9185
6815,U+9187
6816,U+9189
6818,U+918B
6819,U+918D
6820,U+9190
6821,U+9192
6824,U+915D
6826,U+91A2
6828,U+91AA
6829,U+533B
6830,U+9171
6831,U+91AE
6832,U+91AF
6833,U+91B4
6835,U+91B5
6836,U+91BA
6840,U+917F
6844,U+952B
6845,U+91C6
6846,U+91C7
6847,U+91CA
6848,U+91C9
6849,U+91CC
6850,U+91CD
6851,U+91CE
6852,U+91CF
6854,U+950C
6855,U+91D1
6856,U+948A
6857,U+9489
6858,U+91DC
6859,U+9488
6860,U+9493
6861,U+948F
6862,U+9499
6865,U+9497
6867,U+94AF
6868,U+949D
6869,U+94A9
6870,U+94A4
6871,U+94A0
6872,U+949E
6873,U+94AE
6874,U+94A7
6875,U+94C3
6876,U+94B9
6877,U+94B0
6879,U+94BF
6880,U+949C
6881,U+94C9
6883,U+94B3
6884,U+94C5
6885,U+94BA
6886,U+94B5
6888,U+94C7
6889,U+94CF
6890,U+94F0
6891,U+94B2
6892,U+94F6
6893,U+94F3
6894,U+94DC
6895,U+94B4
6896,U+94C2
6897,U+94E3
6898,U+94E8
6899,U+94E2
6900,U+94ED
6901,U+94E6
6902,U+8854
6903,U+94EB
6904,U+9510
6905,U+94BE
6906,U+9500
6907,U+9508
6908,U+9509
6909,U+94F9
6910,U+94E4
6911,U+94D7
6912,U+950B
6913,U+9513
6914,U+94C0
6915,U+9504
6916,U+94D3
6917,U+94FA
6918,U+94FB
6920,U+952F
6921,U+94A2
6922,U+5F55
6923,U+9525
6924,U+951F
6925,U+9524
6926,U+9531
6927,U+94EE
6928,U+952D
6929,U+94B1
6930,U+9526
6931,U+951A
6932,U+9521
6933,U+9522
6934,U+9519
6935,U+951B
6936,U+951C
6938,U+9505
6939,U+953B
6940,U+94CB
6941,U+94F5
6942,U+9539
6943,U+952E
6945,U+953A
6946,U+9534
6947,U+9540
6948,U+9537
6949,U+953D
6950,U+9538
6951,U+9532
6953,U+953E
6956,U+9501
6959,U+9518
6961,U+9543
6963,U+94E0
6964,U+9550
6965,U+9552
6966,U+9547
6967,U+9551
6968,U+955E
6969,U+94FE
6970,U+955D
6971,U+93D6
6972,U+94FF
6973,U+9535
6974,U+9557
6975,U+955C
6976,U+9558
6977,U+9556
6978,U+955B
6979,U+9542
6980,U+94F2
6982,U+9511
6983,U+933E
6984,U+94D9
6985,U+94E7
6986,U+94DD
6987,U+956A
6988,U+949F
6989,U+956B
6990,U+954C
6991,U+9570
6992,U+956F
6993,U+94C1
6994,U+956E
6995,U+94CE
6996,U+954D
6997,U+94DB
6999,U+94F8
7000,U+956C
7001,U+9554
7003,U+9274
7005,U+94A8
7007,U+94C4
7009,U+9573
7011,U+94A5
7012,U+956D
7013,U+9576
7015,U+954A
7016,U+30FA0
7017,U+9523
7019,U+92AE
7020,U+51FF
7021,U+9530
7022,U+957F
7023,U+8731
7024,U+95E8
7025,U+95E9
7026,U+95EA
7027,U+95EB
7028,U+95ED
7029,U+95EC
7030,U+5F00
7031,U+95F3
7032,U+95F0
7033,U+95F2
7035,U+95F4
7036,U+95F5
7037,U+95F8
7039,U+9602
7041,U+9601
7042,U+9600
7043,U+95FA
7044,U+95FD
7045,U+9603
7046,U+9606
7047,U+95FE
7048,U+9605
7049,U+960A
7050,U+9609
7051,U+960E
7052,U+960F
7053,U+960D
7054,U+9608
7055,U+9612
7057,U+95F1
7059,U+9614
7060,U+9615
7061,U+9611
7062,U+9607
7063,U+9617
7064,U+960C
7065,U+95FF
7066,U+9616
7067,U+9619
7068,U+95EF
7070,U+5173
7072,U+9613
7073,U+9610
7074,U+961A
7076,U+961B
7077,U+95FC
7079,U+961C
7080,U+961D
7082,U+9621
7086,U+962E
7088,U+9631
7089,U+9632
7090,U+962A
7091,U+963B
7092,U+963C
7093,U+963F
7094,U+9640
7095,U+9642
7096,U+9644
7097,U+964B
7098,U+9650
7099,U+964C
7100,U+964D
7101,U+9654
7102,U+9649
7103,U+965B
7104,U+9655
7105,U+965E
7106,U+965F
7107,U+9661
7108,U+9662
7109,U+9635
7110,U+9664
7111,U+966A
7112,U+966C
7113,U+9634
7114,U+9672
7115,U+9648
7116,U+9674
7117,U+9675
7118,U+9676
7119,U+9677
7120,U+9646
7122,U+9633
7124,U+968D
7126,U+9685
7127,U+9686
7128,U+9688
7129,U+9667
7130,U+961F
7131,U+968B
7132,U+9636
7133,U+9694
7134,U+9668
7136,U+9697
7137,U+9698
7138,U+9699
7139,U+9645
7140,U+969C
7143,U+96A7
7145,U+9669
7147,U+96B0
7148,U+9690
7149,U+96B3
7150,U+9647
7151,U+968F
7152,U+96B6
7154,U+82E4
7155,U+96B9
7156,U+96BB
7157,U+96BC
7158,U+96C0
7159,U+96C1
7160,U+96C4
7161,U+96C5
7162,U+96C6
7163,U+96C7
7164,U+96C9
7165,U+96BD
7166,U+96CC
7167,U+96CD
7168,U+96CE
7170,U+96D2
7171,U+96D5
7172,U+5DC2
7173,U+867D
7174,U+96D8
7175,U+53CC
7176,U+96CF
7177,U+6742
7181,U+96BE
7182,U+94B7
7183,U+96E8
7184,U+96E9
7185,U+96EA
7186,U+96EF
7190,U+96F6
7191,U+96F7
7192,U+96F9
7193,U+7535
7194,U+9700
7195,U+9702
7197,U+9704
7198,U+9708
7199,U+9709
7200,U+9706
7201,U+9707
7202,U+970D
7203,U+970E
7204,U+970F
7206,U+9713
7207,U+9716
7208,U+971C
7209,U+971E
7212,U+96FE
7213,U+9730
7214,U+972A
7216,U+9732
7218,U+9738
7219,U+9739
7221,U+9701
7223,U+973E
7224,U+972D
7225,U+96F3
7226,U+53C7
7227,U+7075
7228,U+53C6
7230,U+9752
7231,U+9756
7232,U+9753
7233,U+975B
7234,U+9759
7235,U+9564
7236,U+975E
7237,U+9760
7238,U+9761
7239,U+6C06
7240,U+9762
7243,U+9765
7244,U+948E
7245,U+9769
7246,U+9773
7247,U+9774
7248,U+9785
7249,U+9776
7250,U+9770
7254,U+978D
7255,U+5DE9
7256,U+978B
7258,U+9798
7260,U+97A1
7263,U+97A0
7265,U+97AB
7267,U+97AD
7268,U+97AE
7271,U+97B2
7272,U+97B4
7275,U+9791
7277,U+97AF
7278,U+7F9F
7279,U+97E6
7280,U+97E8
7281,U+97E9
7282,U+97E7
7289,U+97EA
7290,U+97EC
7291,U+97EB
7294,U+709D
7295,U+97ED
7299,U+97F3
7300,U+97F6
7301,U+97F5
7305,U+82D8
7306,U+9875
7307,U+9876
7308,U+9877
7309,U+9879
7310,U+9878
7311,U+987A
7312,U+987B
7313,U+9882
7314,U+9883
7315,U+9884
7316,U+987D
7317,U+9881
7318,U+9894
7319,U+987F
7320,U+987C
7322,U+9880
7324,U+9887
7325,U+9886
7327,U+9889
7328,U+9890
7329,U+989A
7331,U+988F
7333,U+5934
7334,U+9892
7335,U+988A
7336,U+9895
7338,U+9888
7339,U+9893
7340,U+9891
7341,U+9897
7344,U+9898
7345,U+989D
7346,U+989C
7348,U+989B
7350,U+98A1
7351,U+98A0
7352,U+7C7B
7354,U+989F
7355,U+98A2
7357,U+987E
7358,U+98A4
7359,U+663E
7360,U+98A6
7361,U+9885
7362,U+98A7
7363,U+7CAC
7364,U+98CE
7366,U+98D2
7367,U+98D3
7368,U+98D4
7370,U+98CF
7371,U+98D6
7372,U+98D5
7373,U+98D8
7374,U+98D9
7375,U+98D7
7378,U+98DE
7379,U+919B
7380,U+98DF
7382,U+9965
7383,U+9964
7385,U+98E7
7386,U+9968
7387,U+996A
7388,U+996B
7389,U+996C
7390,U+996E
7391,U+996D
7392,U+9974
7393,U+9972
7394,U+9971
7395,U+9970
7396,U+9978
7397,U+9979
7398,U+997A
7399,U+997C
7400,U+997B
7401,U+9977
7402,U+517B
7403,U+9975
7404,U+9910
7405,U+997E
7407,U+9981
7408,U+997F
7410,U+9982
7411,U+9980
7412,U+9984
7414,U+9985
7415,U+996F
7416,U+997D
7418,U+998D
7419,U+9986
7421,U+992E
7424,U+9967
7426,U+9969
7429,U+9992
7431,U+9991
7432,U+9988
7433,U+9994
7437,U+9976
7438,U+9954
7439,U+9955
7440,U+98E8
7441,U+990D
7443,U+998B
7445,U+9996
7446,U+9998
7447,U+9997
7448,U+7094
7449,U+9999
7450,U+99A5
7451,U+99A8
7455,U+86F2
7456,U+9A6C
7457,U+9A6D
7458,U+51AF
7459,U+9A70
7460,U+9A6F
7461,U+9A6E
7462,U+9A72
7463,U+9A73
7465,U+9A7B
7466,U+9A7D
7467,U+9A79
7468,U+9A7E
7469,U+9A80
7470,U+9A78
7471,U+9A76
7474,U+9A7C
7475,U+9A77
7478,U+9A88
7480,U+9A87
7482,U+9A86
7484,U+9A83
7485,U+9A8E
7486,U+9A8F
7487,U+9A94
7488,U+9A8B
7489,U+9A93
7490,U+9A8D
7494,U+9A91
7496,U+9A90
7497,U+9A9B
7499,U+9A97
7500,U+9AA2
7505,U+9A9E
7506,U+817E
7507,U+9A7A
7509,U+9A9F
7510,U+9A9A
7511,U+9A9D
7512,U+9AA1
7513,U+84E6
7514,U+9A9C
7515,U+9A96
7516,U+9AA0
7517,U+9A71
7520,U+9A85
7522,U+9A81
7524,U+9A84
7525,U+9A95
7526,U+9A8C
7528,U+60CA
7531,U+9A7F
7532,U+9AA4
7533,U+9A74
7534,U+9AA7
7535,U+9AA5
7537,U+9A8A
7539,U+9AA8
7541,U+9AB6
7542,U+80AE
7543,U+9AB1
7544,U+9AB0
7545,U+9AB7
7546,U+9AB8
7547,U+9ABC
7549,U+9AC0
7551,U+9AC5
7553,U+9AD1
7555,U+4F53
7556,U+9ACB
7557,U+9AD3
7558,U+97A3
7559,U+9AD8
7560,U+94F7
7561,U+9ADF
7562,U+9AE1
7565,U+9AE6
7567,U+9AEB
7568,U+9AED
7570,U+9AEF
7571,U+9B03
7573,U+9AFB
7574,U+9AF9
7576,U+9B08
7580,U+9B10
7583,U+9B18
7587,U+9B1F
7588,U+9B23
7589,U+9B13
7591,U+9B25
7594,U+960B
7596,U+9604
7597,U+94EF
7598,U+9B2F
7599,U+9B31
7600,U+9536
7601,U+9B32
7605,U+9B3B
7607,U+9B3C
7608,U+9B41
7609,U+9B42
7610,U+9B43
7611,U+9B44
7613,U+9B45
7614,U+9B4F
7617,U+9B48
7618,U+9B4D
7619,U+9B49
7620,U+9B51
7621,U+9B54
7623,U+9B47
7624,U+5522
7625,U+9C7C
7626,U+9C7F
7627,U+9C81
7628,U+9C96
7629,U+9C82
7630,U+9C87
7631,U+9C8B
7632,U+9C90
7633,U+9C8A
7634,U+9C91
7635,U+9C94
7636,U+9C98
7637,U+9C8D
7638,U+9C9E
7639,U+9C9C
7640,U+9C9B
7641,U+9CA7
7642,U+9CA4
7643,U+9CA0
7644,U+9CA8
7645,U+9CAD
7646,U+9CB5
7647,U+9CB3
7648,U+9C93
7649,U+9CB2
7650,U+9CB8
7651,U+9CAB
7652,U+9CA9
7653,U+9CCA
7654,U+9CBD
7655,U+9CC5
7657,U+9CA1
7658,U+9CC3
7659,U+9CCF
7660,U+9CD2
7661,U+9CA5
7662,U+9CCD
7663,U+9CCC
7664,U+9CB6
7665,U+9CD7
7666,U+9CC0
7667,U+9CD6
7668,U+9CDD
7669,U+9C9F
7670,U+9C8E
7671,U+9C99
7672,U+9CE3
7673,U+9CDE
7674,U+9CD4
7675,U+9CDC
7676,U+9CD8
7677,U+9CAE
7678,U+9C88
7679,U+9C84
7680,U+9E1F
7682,U+9E20
7683,U+51EB
7685,U+51E4
7686,U+9E23
7687,U+9E22
7689,U+9E31
7690,U+9E29
7691,U+9E28
7693,U+9E26
7696,U+9E33
7697,U+9E2E
7698,U+9E2A
7699,U+9E2F
7700,U+9E2D
7701,U+9E30
7702,U+9E32
7703,U+9E3F
7704,U+9E3D
7707,U+9E3A
7708,U+9E48
7709,U+9E45
7710,U+9E43
7711,U+9E44
7712,U+9E41
7713,U+9E49
7714,U+9E46
7715,U+9E4C
7717,U+9E4A
7718,U+9E51
7720,U+9E4F
7721,U+9E4D
7723,U+9E59
7724,U+9E55
7725,U+9E57
7726,U+9E5C
7727,U+83BA
7729,U+9E64
7731,U+9E61
7732,U+9E5A
7733,U+9E52
7735,U+9E27
7737,U+9E58
7738,U+9E63
7739,U+9E62
7740,U+9E5E
7741,U+9E21
7743,U+9E25
7744,U+9E67
7746,U+9E65
7747,U+9E37
7748,U+9E36
7750,U+9E6B
7751,U+9E70
7752,U+9E6D
7753,U+9E6A
7754,U+9E69
7756,U+9E6C
7757,U+9E6F
7759,U+9E34
7760,U+9E2C
7761,U+9E66
7762,U+9E3E
7764,U+9E73
7765,U+9E42
7767,U+5364
7770,U+76D0
7771,U+9E7E
7772,U+71B5
7773,U+9E7F
7774,U+9E82
7775,U+94C8
7776,U+9E80
7778,U+9E87
7779,U+9E88
7780,U+9E8B
7783,U+9E91
7784,U+9E92
7785,U+9E93
7787,U+4E3D
7790,U+9E9D
7792,U+9E9F
7795,U+6DAE
7796,U+9EA6
7800,U+9EB9
7801,U+84B4
7802,U+9EBB
7803,U+9EBD
7804,U+9EBE
7806,U+9EC4
7808,U+9EC9
7809,U+94CA
7810,U+9ECD
7811,U+9ECF
7812,U+9ECE
7814,U+6E9A
7815,U+9ED1
7816,U+9ED4
7817,U+9ED8
7818,U+9EDB
7819,U+9EDC
7820,U+70B9
7821,U+9EDD
7822,U+9EE0
7823,U+9EE5
7824,U+9EE7
7826,U+9EEF
7829,U+9EE1
7830,U+9EE9
7831,U+50A3
7832,U+9EF9
7833,U+9EFB
7834,U+9EFC
7835,U+949B
7836,U+9EFE
7837,U+9F0B
7839,U+9F0C
7842,U+9F0D
7843,U+94BD
7844,U+9F0E
7845,U+9F10
7847,U+9F12
7849,U+9F13
7851,U+9F17
7853,U+9F19
7856,U+7FB0
7857,U+9F20
7858,U+9F22
7860,U+9F2C
7861,U+9F2F
7862,U+9F39
7863,U+9F37
7864,U+91A3
7865,U+9F3B
7867,U+9F3E
7870,U+94FD
7871,U+9F50
7872,U+658B
7874,U+9F51
7875,U+83FE
7876,U+9F7F
7877,U+9F80
7878,U+9F81
7879,U+9F82
7880,U+9F83
7881,U+9F84
7882,U+9F86
7883,U+9F88
7886,U+9F89
7887,U+9F8A
7889,U+9F8B
7890,U+816D
7891,U+9F8C
7893,U+9F99
7894,U+5390
7895,U+9F9A
7896,U+9F9B
7897,U+8214
7898,U+9F9F
7899,U+70C3
7900,U+9FA0
7903,U+695F
7904,U+916E
7905,U+833C
7906,U+70D4
7907,U+948D
7908,U+4F64
7909,U+70F7
7910,U+70EF
7911,U+8785
7912,U+6C19
7913,U+9170
7914,U+9CD5
7915,U+8368
7916,U+57AD
7917,U+94F1
7918,U+9487
7919,U+9571
7920,U+94DF
7921,U+94D5
7923,U+9CDF
7924,U+87D1
7925,U+7903
7926,U+9517
7927,U+916F
8001,U+4E07
8002,U+4E18
8003,U+4E52
8004,U+4E53
8005,U+752D
8006,U+5B6C
8010,U+4E48
8012,U+4E69
8015,U+4E8D
8016,U+4E93
8017,U+4E98
8021,U+4EC2
8022,U+4EC9
8024,U+4F03
8026,U+4F3D
8028,U+4F2B
8032,U+4F7C
8034,U+4F74
8035,U+4F6B
8037,U+4FA2
8044,U+4F23
8045,U+4FC5
8046,U+4F21
8051,U+4FB4
8053,U+5022
8055,U+5034
8056,U+5014
8059,U+5072
8064,U+506C
8067,U+504C
8072,U+50EC
8079,U+5121
8080,U+50A9
8093,U+515A
8094,U+51C3
8096,U+51CF
8099,U+51A8
8104,U+525E
8105,U+5282
8106,U+523F
8113,U+52CB
8116,U+5306
8120,U+540B
8123,U+5431
8125,U+544E
8126,U+542C
8131,U+549A
8134,U+54A5
8135,U+54C6
8136,U+54BB
8139,U+5459
8142,U+5457
8143,U+5511
8145,U+5557
8146,U+552A
8147,U+553C
8148,U+5550
8149,U+554D
8150,U+5536
8156,U+551D
8165,U+556F
8166,U+560C
8167,U+5520
8168,U+5659
8172,U+5452
8174,U+54D2
8178,U+5686
8181,U+56AD
8182,U+5456
8183,U+565C
8185,U+55BE
8186,U+5543
8188,U+56DD
8189,U+56E1
8191,U+570A
8197,U+572F
8198,U+572A
8199,U+58F3
8201,U+577B
8205,U+577F
8206,U+5787
8208,U+579E
8209,U+57A4
8210,U+579A
8211,U+578C
8213,U+579F
8214,U+5795
8217,U+57C2
8219,U+57B8
8222,U+57CC
8224,U+57D5
8230,U+5809
8231,U+580E
8232,U+5800
8233,U+580C
8237,U+5853
8239,U+580D
8241,U+57DA
8242,U+586C
8243,U+5871
8244,U+585D
8245,U+583D
8247,U+5865
8250,U+5895
8255,U+57B1
8259,U+5899
8262,U+5892
8263,U+5785
8268,U+593C
8280,U+59D8
8281,U+5A12
8289,U+5A65
8292,U+5A84
8293,U+5A9E
8295,U+5AAE
8296,U+5A7F
8299,U+5A73
8300,U+5A34
8301,U+59A9
8302,U+5AD2
8304,U+5B43
8311,U+5B56
8320,U+5C72
8321,U+5C74
8322,U+5C7C
8324,U+5C99
8325,U+5C8D
8326,U+5C9C
8327,U+5CA8
8328,U+5CAC
8329,U+5C9E
8330,U+5CC3
8331,U+5CC7
8335,U+5CF1
8338,U+5D1E
8339,U+5D2E
8342,U+5D3D
8343,U+5D34
8344,U+5CE3
8348,U+5D93
8349,U+5D04
8354,U+5CBF
8360,U+5DEF
8363,U+5E5E
8369,U+5E84
8373,U+5ED2
8375,U+5EBC
8381,U+5F02
8382,U+5F0C
8383,U+5F0E
8384,U+7519
8388,U+5FEA
8421,U+6261
8422,U+6266
8423,U+6283
8428,U+63B0
8429,U+62F6
8432,U+6343
8436,U+631C
8438,U+63AE
8439,U+63F8
8445,U+63CE
8448,U+63F6
8452,U+6422
8453,U+63FE
8459,U+6421
8464,U+6477
8466,U+643F
8469,U+6326
8471,U+63FF
8473,U+63B8
8479,U+63B1
8489,U+655C
8490,U+656B
8494,U+658F
8502,U+6600
8504,U+660A
8508,U+665F
8510,U+6667
8512,U+667E
8513,U+668B
8514,U+668C
8518,U+6654
8519,U+66A7
8530,U+6760
8533,U+6745
8537,U+677B
8552,U+681D
8557,U+684B
8558,U+6812
8559,U+681F
8560,U+686C
8565,U+67A7
8566,U+68D1
8569,U+68F8
8572,U+6911
8574,U+6959
8575,U+6940
8576,U+6942
8584,U+691D
8586,U+692B
8587,U+6A47
8589,U+6A8E
8591,U+686A
8592,U+679F
8593,U+69DC
8594,U+6A91
8596,U+6AB4
8599,U+6A71
8601,U+6A65
8603,U+6989
8632,U+6BDA
8633,U+6BF5
8635,U+6C1E
8636,U+6C1F
8637,U+6C28
8638,U+6C27
8639,U+6C25
8640,U+6C26
8641,U+6C22
8642,U+6C30
8644,U+6C2E
8645,U+6C29
8646,U+6C15
8647,U+6C18
8648,U+6C1A
8659,U+6C3F
8660,U+6C46
8661,U+6C84
8662,U+6C87
8671,U+6D34
8673,U+6D8C
8677,U+6D64
8680,U+6D7C
8681,U+6DD6
8685,U+6DE0
8688,U+6CA8
8692,U+6E0C
8693,U+6DFC
8694,U+6E32
8697,U+6E8F
8700,U+6EB4
8701,U+6EC9
8702,U+6ECF
8708,U+6F37
8709,U+6F89
8712,U+6CB5
8714,U+6EE2
8715,U+700C
8731,U+707A
8732,U+7085
8741,U+70F1
8743,U+712F
8746,U+7131
8759,U+71B3
8761,U+71CB
8763,U+70E8
8781,U+726E
8786,U+7287
8787,U+7284
8799,U+72E8
8805,U+7306
8811,U+7303
8813,U+7315
8814,U+737E
8819,U+73A5
8823,U+73FA
8825,U+743C
8826,U+7437
8827,U+7430
8828,U+73D0
8829,U+73F2
8830,U+7444
8831,U+7442
8832,U+7454
8833,U+7462
8834,U+740F
8835,U+746D
8840,U+74A9
8842,U+7477
8853,U+750F
8858,U+7548
8859,U+7583
8864,U+75A2
8871,U+75E4
8873,U+7603
8875,U+7604
8876,U+7608
8877,U+760C
8880,U+762D
8883,U+7605
8884,U+7652
8895,U+767F
8901,U+76F9
8904,U+771A
8905,U+7722
8915,U+777D
8918,U+779F
8919,U+77AB
8926,U+77EC
8928,U+77FD
8931,U+7822
8932,U+7823
8933,U+7820
8935,U+781D
8938,U+7837
8943,U+7850
8944,U+7845
8947,U+786D
8948,U+786A
8951,U+789A
8955,U+78B3
8956,U+78B6
8962,U+78E1
8965,U+785A
8968,U+791E
8969,U+7877
8970,U+7852
8981,U+799A
8983,U+79A4
8993,U+7A16
9002,U+7ABF
9005,U+7ADC
9010,U+7B58
9018,U+7BE5
9020,U+7C09
9023,U+7C30
9024,U+7C5D
9035,U+7C9E
9036,U+7CA6
9037,U+7CAE
9040,U+7CBD
9041,U+7CC5
9048,U+7CCC
9053,U+7EBC
9055,U+7EB0
9057,U+7EC1
9064,U+7EF2
9065,U+7F02
9069,U+7EEC
9071,U+7F11
9088,U+7F7E
9090,U+8288
9107,U+8071
9112,U+80AA
9113,U+80DB
9115,U+8109
9116,U+80C6
9120,U+811E
9126,U+8116
9131,U+814C
9136,U+8198
9140,U+81D1
9141,U+8191
9152,U+8222
9153,U+8228
9154,U+823A
9166,U+8313
9167,U+8298
9171,U+8345
9173,U+832C
9174,U+83A6
9181,U+835D
9185,U+8460
9186,U+84EA
9190,U+82C1
9191,U+84F7
9195,U+85B8
9213,U+8652
9223,U+86AC
9227,U+8753
9230,U+8764
9231,U+8793
9236,U+8797
9237,U+87B5
9240,U+87E2
9241,U+880B
9242,U+86F4
9244,U+882D
9260,U+88E2
9268,U+895E
9278,U+89DC
9287,U+8BC7
9294,U+8BE8
9300,U+8C09
9301,U+8C30
9317,U+8C6E
9322,U+8D20
9328,U+8DB1
9332,U+8DE4
9337,U+8E26
9338,U+8E2A
9345,U+8E69
9349,U+8E7C
9351,U+8E9E
9363,U+8F72
9368,U+8F9A
9374,U+8FEE
9380,U+908B
9386,U+9098
9390,U+90C8
9392,U+90DA
9395,U+90EB
9398,U+90D3
9401,U+90FE
9409,U+911A
9410,U+9123
9428,U+9191
9432,U+917E
9433,U+917D
9437,U+948B
9438,U+9490
9440,U+9492
9442,U+9491
9443,U+94AB
9445,U+94AD
9446,U+9498
9448,U+94CD
9449,U+94BB
9450,U+94C6
9453,U+94BC
9456,U+94D0
9459,U+94EC
9462,U+92C6
9465,U+9502
9467,U+9512
9468,U+94A1
9472,U+94D4
9475,U+9528
9477,U+952C
9478,U+9516
9480,U+9520
9481,U+951E
9482,U+936A
9484,U+94E1
9485,U+9541
9486,U+9496
9487,U+9533
9490,U+954F
9493,U+9549
9494,U+94E9
9495,U+93CA
9496,U+84E5
9497,U+938F
9503,U+9566
9505,U+950F
9506,U+9568
9507,U+9563
9509,U+9561
9510,U+9562
9514,U+9527
9515,U+946B
9527,U+95F9
9532,U+963D
9552,U+9754
9555,U+977A
9557,U+977C
9560,U+97A8
9576,U+988B
9577,U+988C
9581,U+9899
9594,U+9966
9600,U+998A
9601,U+998E
9606,U+9983
9615,U+9A75
9622,U+9AA6
9623,U+9A89
9629,U+9AC1
9639,U+9C80
9641,U+9C85
9643,U+9C92
9646,U+9CB0
9647,U+9CBB
9648,U+9CB7
9649,U+9C97
9650,U+9CC7
9651,U+9C9D
9652,U+9CC6
9653,U+9CC4
9654,U+9CA2
9655,U+9CA6
9656,U+9CB1
9657,U+9CB4
9658,U+9CC1
9660,U+9CCE
9661,U+9CE2
9662,U+9C9A
9663,U+9CD9
9664,U+9CE0
9665,U+9CBF
9667,U+9CDB
9676,U+9E35
9677,U+9E53
9679,U+9E56
9681,U+9E54
9684,U+9E74
9690,U+9EB8
9694,U+9EDF
